runId,scenario,variant,repeat,tick,distance,alphaHealth,bravoHealth,attacksThisTick,lastAction
standard-mcts-r1,Standard MCTS run 1,Standard MCTS,1,1,9.159,20,20,0,sprint-advance
standard-mcts-r1,Standard MCTS run 1,Standard MCTS,1,2,9.062,20,20,0,sprint-advance
standard-mcts-r1,Standard MCTS run 1,Standard MCTS,1,3,8.719,20,20,0,sprint-advance
standard-mcts-r1,Standard MCTS run 1,Standard MCTS,1,4,8.277,20,20,0,sprint-advance
standard-mcts-r1,Standard MCTS run 1,Standard MCTS,1,5,7.781,20,20,0,sprint-advance
standard-mcts-r1,Standard MCTS run 1,Standard MCTS,1,6,7.255,20,20,0,sprint-advance
standard-mcts-r1,Standard MCTS run 1,Standard MCTS,1,7,6.714,20,20,0,sprint-advance
standard-mcts-r1,Standard MCTS run 1,Standard MCTS,1,8,6.163,20,20,0,sprint-advance
standard-mcts-r1,Standard MCTS run 1,Standard MCTS,1,9,5.607,20,20,0,sprint-advance
standard-mcts-r1,Standard MCTS run 1,Standard MCTS,1,10,5.049,20,20,0,sprint-advance
standard-mcts-r1,Standard MCTS run 1,Standard MCTS,1,11,4.519,20,20,0,advance
standard-mcts-r1,Standard MCTS run 1,Standard MCTS,1,12,4.004,20,20,0,advance
standard-mcts-r1,Standard MCTS run 1,Standard MCTS,1,13,3.527,20,20,0,advance
standard-mcts-r1,Standard MCTS run 1,Standard MCTS,1,14,3.041,20,20,0,close-attack
standard-mcts-r1,Standard MCTS run 1,Standard MCTS,1,15,2.678,20,16,2,close-attack
standard-mcts-r1,Standard MCTS run 1,Standard MCTS,1,16,2.254,16,16,0,sprint-advance
standard-mcts-r1,Standard MCTS run 1,Standard MCTS,1,17,1.798,16,16,0,sprint-advance
standard-mcts-r1,Standard MCTS run 1,Standard MCTS,1,18,1.293,16,16,0,sprint-advance
standard-mcts-r1,Standard MCTS run 1,Standard MCTS,1,19,0.793,16,16,0,sprint-advance
standard-mcts-r1,Standard MCTS run 1,Standard MCTS,1,20,0.294,16,16,0,sprint-advance
standard-mcts-r1,Standard MCTS run 1,Standard MCTS,1,21,0.233,16,16,0,sprint-advance
standard-mcts-r1,Standard MCTS run 1,Standard MCTS,1,22,0.266,16,16,0,sprint-advance
standard-mcts-r1,Standard MCTS run 1,Standard MCTS,1,23,0.059,16,16,0,sprint-advance
standard-mcts-r1,Standard MCTS run 1,Standard MCTS,1,24,0.025,16,16,0,sprint-advance
standard-mcts-r1,Standard MCTS run 1,Standard MCTS,1,25,0.153,16,16,0,sprint-advance
standard-mcts-r1,Standard MCTS run 1,Standard MCTS,1,26,0.25,16,12,2,close-attack
standard-mcts-r1,Standard MCTS run 1,Standard MCTS,1,27,0.078,12,12,0,advance
standard-mcts-r1,Standard MCTS run 1,Standard MCTS,1,28,0.016,12,12,0,sprint-advance
standard-mcts-r1,Standard MCTS run 1,Standard MCTS,1,29,0.093,12,12,0,sprint-advance
standard-mcts-r1,Standard MCTS run 1,Standard MCTS,1,30,0.14,12,12,0,sprint-advance
standard-mcts-r1,Standard MCTS run 1,Standard MCTS,1,31,0.165,12,12,0,sprint-advance
standard-mcts-r1,Standard MCTS run 1,Standard MCTS,1,32,0.179,12,12,0,sprint-advance
standard-mcts-r1,Standard MCTS run 1,Standard MCTS,1,33,0.186,12,12,0,sprint-advance
standard-mcts-r1,Standard MCTS run 1,Standard MCTS,1,34,0.191,12,12,0,sprint-advance
standard-mcts-r1,Standard MCTS run 1,Standard MCTS,1,35,0.163,12,12,0,advance
standard-mcts-r1,Standard MCTS run 1,Standard MCTS,1,36,0.149,12,12,0,sprint-advance
standard-mcts-r1,Standard MCTS run 1,Standard MCTS,1,37,0.141,12,8,2,close-attack
standard-mcts-r1,Standard MCTS run 1,Standard MCTS,1,38,0.136,8,8,0,sprint-advance
standard-mcts-r1,Standard MCTS run 1,Standard MCTS,1,39,0.134,8,8,0,sprint-advance
standard-mcts-r1,Standard MCTS run 1,Standard MCTS,1,40,0.132,8,8,0,sprint-advance
standard-mcts-r1,Standard MCTS run 1,Standard MCTS,1,41,0.132,8,8,0,jump-sprint
standard-mcts-r1,Standard MCTS run 1,Standard MCTS,1,42,0.131,8,8,0,sprint-advance
standard-mcts-r1,Standard MCTS run 1,Standard MCTS,1,43,0.131,8,8,0,sprint-advance
standard-mcts-r1,Standard MCTS run 1,Standard MCTS,1,44,0.131,8,8,0,sprint-advance
standard-mcts-r1,Standard MCTS run 1,Standard MCTS,1,45,0.131,8,8,0,sprint-advance
standard-mcts-r1,Standard MCTS run 1,Standard MCTS,1,46,0.131,8,8,0,advance
standard-mcts-r1,Standard MCTS run 1,Standard MCTS,1,47,0.131,8,8,0,sprint-advance
standard-mcts-r1,Standard MCTS run 1,Standard MCTS,1,48,0.131,8,4,2,close-attack
standard-mcts-r1,Standard MCTS run 1,Standard MCTS,1,49,0.131,4,4,0,sprint-advance
standard-mcts-r1,Standard MCTS run 1,Standard MCTS,1,50,0.131,4,4,0,sprint-advance
standard-mcts-r1,Standard MCTS run 1,Standard MCTS,1,51,0.131,4,4,0,sprint-advance
standard-mcts-r1,Standard MCTS run 1,Standard MCTS,1,52,0.131,4,4,0,jump-sprint
standard-mcts-r1,Standard MCTS run 1,Standard MCTS,1,53,0.131,4,4,0,sprint-advance
standard-mcts-r1,Standard MCTS run 1,Standard MCTS,1,54,0.131,4,4,0,sprint-advance
standard-mcts-r1,Standard MCTS run 1,Standard MCTS,1,55,0.131,4,4,0,sprint-advance
standard-mcts-r1,Standard MCTS run 1,Standard MCTS,1,56,0.131,4,4,0,sprint-advance
standard-mcts-r1,Standard MCTS run 1,Standard MCTS,1,57,0.131,4,4,0,sprint-advance
standard-mcts-r1,Standard MCTS run 1,Standard MCTS,1,58,0.16,4,4,0,sprint-advance
standard-mcts-r1,Standard MCTS run 1,Standard MCTS,1,59,0.023,4,4,1,close-attack
standard-mcts-r2,Standard MCTS run 2,Standard MCTS,2,1,8.632,20,20,0,sprint-advance
standard-mcts-r2,Standard MCTS run 2,Standard MCTS,2,2,8.534,20,20,0,sprint-advance
standard-mcts-r2,Standard MCTS run 2,Standard MCTS,2,3,8.191,20,20,0,sprint-advance
standard-mcts-r2,Standard MCTS run 2,Standard MCTS,2,4,7.749,20,20,0,sprint-advance
standard-mcts-r2,Standard MCTS run 2,Standard MCTS,2,5,7.252,20,20,0,sprint-advance
standard-mcts-r2,Standard MCTS run 2,Standard MCTS,2,6,6.726,20,20,0,sprint-advance
standard-mcts-r2,Standard MCTS run 2,Standard MCTS,2,7,6.185,20,20,0,sprint-advance
standard-mcts-r2,Standard MCTS run 2,Standard MCTS,2,8,5.634,20,20,0,sprint-advance
standard-mcts-r2,Standard MCTS run 2,Standard MCTS,2,9,5.078,20,20,0,sprint-advance
standard-mcts-r2,Standard MCTS run 2,Standard MCTS,2,10,4.55,20,20,0,close-attack
standard-mcts-r2,Standard MCTS run 2,Standard MCTS,2,11,4.036,20,20,0,jump-advance
standard-mcts-r2,Standard MCTS run 2,Standard MCTS,2,12,3.53,20,20,0,advance
standard-mcts-r2,Standard MCTS run 2,Standard MCTS,2,13,3.028,20,20,0,close-attack
standard-mcts-r2,Standard MCTS run 2,Standard MCTS,2,14,2.656,20,16,2,close-attack
standard-mcts-r2,Standard MCTS run 2,Standard MCTS,2,15,2.228,16,16,0,sprint-advance
standard-mcts-r2,Standard MCTS run 2,Standard MCTS,2,16,1.768,16,16,0,sprint-advance
standard-mcts-r2,Standard MCTS run 2,Standard MCTS,2,17,1.263,16,16,0,sprint-advance
standard-mcts-r2,Standard MCTS run 2,Standard MCTS,2,18,0.761,16,16,0,sprint-advance
standard-mcts-r2,Standard MCTS run 2,Standard MCTS,2,19,0.262,16,16,0,sprint-advance
standard-mcts-r2,Standard MCTS run 2,Standard MCTS,2,20,0.265,16,16,0,sprint-advance
standard-mcts-r2,Standard MCTS run 2,Standard MCTS,2,21,0.299,16,16,0,sprint-advance
standard-mcts-r2,Standard MCTS run 2,Standard MCTS,2,22,0.091,16,16,0,advance
standard-mcts-r2,Standard MCTS run 2,Standard MCTS,2,23,0.052,16,16,0,advance
standard-mcts-r2,Standard MCTS run 2,Standard MCTS,2,24,0.095,16,16,0,sprint-advance
standard-mcts-r2,Standard MCTS run 2,Standard MCTS,2,25,0.176,16,12,2,close-attack
standard-mcts-r2,Standard MCTS run 2,Standard MCTS,2,26,0.033,12,12,0,sprint-advance
standard-mcts-r2,Standard MCTS run 2,Standard MCTS,2,27,0.147,12,12,0,sprint-advance
standard-mcts-r2,Standard MCTS run 2,Standard MCTS,2,28,0.209,12,12,0,sprint-advance
standard-mcts-r2,Standard MCTS run 2,Standard MCTS,2,29,0.017,12,12,0,sprint-advance
standard-mcts-r2,Standard MCTS run 2,Standard MCTS,2,30,0.087,12,12,0,sprint-advance
standard-mcts-r2,Standard MCTS run 2,Standard MCTS,2,31,0.111,12,12,0,sprint-advance
standard-mcts-r2,Standard MCTS run 2,Standard MCTS,2,32,0.217,12,12,0,sprint-advance
standard-mcts-r2,Standard MCTS run 2,Standard MCTS,2,33,0.021,12,12,0,sprint-advance
standard-mcts-r2,Standard MCTS run 2,Standard MCTS,2,34,0.116,12,12,0,jump-advance
standard-mcts-r2,Standard MCTS run 2,Standard MCTS,2,35,0.064,12,12,0,sprint-advance
standard-mcts-r2,Standard MCTS run 2,Standard MCTS,2,36,0.162,12,8,2,close-attack
standard-mcts-r2,Standard MCTS run 2,Standard MCTS,2,37,0.038,8,8,0,sprint-advance
standard-mcts-r2,Standard MCTS run 2,Standard MCTS,2,38,0.148,8,8,0,sprint-advance
standard-mcts-r2,Standard MCTS run 2,Standard MCTS,2,39,0.208,8,8,0,sprint-advance
standard-mcts-r2,Standard MCTS run 2,Standard MCTS,2,40,0.015,8,8,0,sprint-advance
standard-mcts-r2,Standard MCTS run 2,Standard MCTS,2,41,0.09,8,8,0,sprint-advance
standard-mcts-r2,Standard MCTS run 2,Standard MCTS,2,42,0.108,8,8,0,sprint-advance
standard-mcts-r2,Standard MCTS run 2,Standard MCTS,2,43,0.214,8,8,0,sprint-advance
standard-mcts-r2,Standard MCTS run 2,Standard MCTS,2,44,0.017,8,8,0,sprint-advance
standard-mcts-r2,Standard MCTS run 2,Standard MCTS,2,45,0.12,8,8,0,jump-advance
standard-mcts-r2,Standard MCTS run 2,Standard MCTS,2,46,0.06,8,8,0,sprint-advance
standard-mcts-r2,Standard MCTS run 2,Standard MCTS,2,47,0.159,8,4,2,close-attack
standard-mcts-r2,Standard MCTS run 2,Standard MCTS,2,48,0.042,4,4,0,sprint-advance
standard-mcts-r2,Standard MCTS run 2,Standard MCTS,2,49,0.152,4,4,0,sprint-advance
standard-mcts-r2,Standard MCTS run 2,Standard MCTS,2,50,0.211,4,4,0,sprint-advance
standard-mcts-r2,Standard MCTS run 2,Standard MCTS,2,51,0.019,4,4,0,sprint-advance
standard-mcts-r2,Standard MCTS run 2,Standard MCTS,2,52,0.086,4,4,0,sprint-advance
standard-mcts-r2,Standard MCTS run 2,Standard MCTS,2,53,0.111,4,4,0,sprint-advance
standard-mcts-r2,Standard MCTS run 2,Standard MCTS,2,54,0.217,4,4,0,sprint-advance
standard-mcts-r2,Standard MCTS run 2,Standard MCTS,2,55,0.021,4,4,0,sprint-advance
standard-mcts-r2,Standard MCTS run 2,Standard MCTS,2,56,0.087,4,4,0,sprint-advance
standard-mcts-r2,Standard MCTS run 2,Standard MCTS,2,57,0.08,4,4,0,sprint-advance
standard-mcts-r2,Standard MCTS run 2,Standard MCTS,2,58,0.063,4,4,1,close-attack
standard-mcts-r3,Standard MCTS run 3,Standard MCTS,3,1,8.244,20,20,0,sprint-advance
standard-mcts-r3,Standard MCTS run 3,Standard MCTS,3,2,8.147,20,20,0,sprint-advance
standard-mcts-r3,Standard MCTS run 3,Standard MCTS,3,3,7.803,20,20,0,sprint-advance
standard-mcts-r3,Standard MCTS run 3,Standard MCTS,3,4,7.361,20,20,0,sprint-advance
standard-mcts-r3,Standard MCTS run 3,Standard MCTS,3,5,6.865,20,20,0,sprint-advance
standard-mcts-r3,Standard MCTS run 3,Standard MCTS,3,6,6.339,20,20,0,sprint-advance
standard-mcts-r3,Standard MCTS run 3,Standard MCTS,3,7,5.797,20,20,0,sprint-advance
standard-mcts-r3,Standard MCTS run 3,Standard MCTS,3,8,5.247,20,20,0,sprint-advance
standard-mcts-r3,Standard MCTS run 3,Standard MCTS,3,9,4.691,20,20,0,sprint-advance
standard-mcts-r3,Standard MCTS run 3,Standard MCTS,3,10,4.133,20,20,0,jump-sprint
standard-mcts-r3,Standard MCTS run 3,Standard MCTS,3,11,3.603,20,20,0,advance
standard-mcts-r3,Standard MCTS run 3,Standard MCTS,3,12,3.117,20,20,0,jump-advance
standard-mcts-r3,Standard MCTS run 3,Standard MCTS,3,13,2.754,20,20,1,hold-attack
standard-mcts-r3,Standard MCTS run 3,Standard MCTS,3,14,2.331,16,16,1,sprint-advance
standard-mcts-r3,Standard MCTS run 3,Standard MCTS,3,15,1.874,16,16,0,sprint-advance
standard-mcts-r3,Standard MCTS run 3,Standard MCTS,3,16,1.37,16,16,0,sprint-advance
standard-mcts-r3,Standard MCTS run 3,Standard MCTS,3,17,0.84,16,16,0,sprint-advance
standard-mcts-r3,Standard MCTS run 3,Standard MCTS,3,18,0.296,16,16,0,sprint-advance
standard-mcts-r3,Standard MCTS run 3,Standard MCTS,3,19,0.256,16,16,0,sprint-advance
standard-mcts-r3,Standard MCTS run 3,Standard MCTS,3,20,0.303,16,16,0,sprint-advance
standard-mcts-r3,Standard MCTS run 3,Standard MCTS,3,21,0.074,16,16,0,sprint-advance
standard-mcts-r3,Standard MCTS run 3,Standard MCTS,3,22,0.052,16,16,0,sprint-advance
standard-mcts-r3,Standard MCTS run 3,Standard MCTS,3,23,0.135,16,16,0,sprint-advance
standard-mcts-r3,Standard MCTS run 3,Standard MCTS,3,24,0.138,16,16,1,close-attack
standard-mcts-r3,Standard MCTS run 3,Standard MCTS,3,25,0.013,12,12,1,sprint-advance
standard-mcts-r3,Standard MCTS run 3,Standard MCTS,3,26,0.055,12,12,0,sprint-advance
standard-mcts-r3,Standard MCTS run 3,Standard MCTS,3,27,0.162,12,12,0,sprint-advance
standard-mcts-r3,Standard MCTS run 3,Standard MCTS,3,28,0.026,12,12,0,sprint-advance
standard-mcts-r3,Standard MCTS run 3,Standard MCTS,3,29,0.048,12,12,0,sprint-advance
standard-mcts-r3,Standard MCTS run 3,Standard MCTS,3,30,0.166,12,12,0,sprint-advance
standard-mcts-r3,Standard MCTS run 3,Standard MCTS,3,31,0.028,12,12,0,sprint-advance
standard-mcts-r3,Standard MCTS run 3,Standard MCTS,3,32,0.047,12,12,0,sprint-advance
standard-mcts-r3,Standard MCTS run 3,Standard MCTS,3,33,0.137,12,12,0,advance
standard-mcts-r3,Standard MCTS run 3,Standard MCTS,3,34,0.017,12,12,0,sprint-advance
standard-mcts-r3,Standard MCTS run 3,Standard MCTS,3,35,0.026,12,12,1,close-attack
standard-mcts-r3,Standard MCTS run 3,Standard MCTS,3,36,0.078,8,8,1,sprint-advance
standard-mcts-r3,Standard MCTS run 3,Standard MCTS,3,37,0.134,8,8,0,sprint-advance
standard-mcts-r3,Standard MCTS run 3,Standard MCTS,3,38,0.165,8,8,0,sprint-advance
standard-mcts-r3,Standard MCTS run 3,Standard MCTS,3,39,0.182,8,8,0,sprint-advance
standard-mcts-r3,Standard MCTS run 3,Standard MCTS,3,40,0.162,8,8,0,jump-advance
standard-mcts-r3,Standard MCTS run 3,Standard MCTS,3,41,0.151,8,8,0,sprint-advance
standard-mcts-r3,Standard MCTS run 3,Standard MCTS,3,42,0.145,8,8,0,sprint-advance
standard-mcts-r3,Standard MCTS run 3,Standard MCTS,3,43,0.142,8,8,0,sprint-advance
standard-mcts-r3,Standard MCTS run 3,Standard MCTS,3,44,0.14,8,8,0,sprint-advance
standard-mcts-r3,Standard MCTS run 3,Standard MCTS,3,45,0.109,8,8,0,advance
standard-mcts-r3,Standard MCTS run 3,Standard MCTS,3,46,0.035,8,8,1,close-attack
standard-mcts-r3,Standard MCTS run 3,Standard MCTS,3,47,0.014,4,4,1,sprint-advance
standard-mcts-r3,Standard MCTS run 3,Standard MCTS,3,48,0.041,4,4,0,sprint-advance
standard-mcts-r3,Standard MCTS run 3,Standard MCTS,3,49,0.055,4,4,0,sprint-advance
standard-mcts-r3,Standard MCTS run 3,Standard MCTS,3,50,0.063,4,4,0,sprint-advance
standard-mcts-r3,Standard MCTS run 3,Standard MCTS,3,51,0.038,4,4,0,advance
standard-mcts-r3,Standard MCTS run 3,Standard MCTS,3,52,0.005,4,4,0,advance
standard-mcts-r3,Standard MCTS run 3,Standard MCTS,3,53,0.226,4,4,0,sprint-advance
standard-mcts-r3,Standard MCTS run 3,Standard MCTS,3,54,0.098,4,4,0,sprint-advance
standard-mcts-r3,Standard MCTS run 3,Standard MCTS,3,55,0.003,4,4,0,advance
standard-mcts-r3,Standard MCTS run 3,Standard MCTS,3,56,0.084,4,4,0,sprint-advance
standard-mcts-r3,Standard MCTS run 3,Standard MCTS,3,57,0.003,4,4,1,close-attack
hybrid-heuristic-r1,Hybrid MCTS + heuristic evaluation run 1,Hybrid MCTS + heuristic evaluation,1,1,8.372,20,20,0,sprint-advance
hybrid-heuristic-r1,Hybrid MCTS + heuristic evaluation run 1,Hybrid MCTS + heuristic evaluation,1,2,8.275,20,20,0,sprint-advance
hybrid-heuristic-r1,Hybrid MCTS + heuristic evaluation run 1,Hybrid MCTS + heuristic evaluation,1,3,7.931,20,20,0,sprint-advance
hybrid-heuristic-r1,Hybrid MCTS + heuristic evaluation run 1,Hybrid MCTS + heuristic evaluation,1,4,7.489,20,20,0,sprint-advance
hybrid-heuristic-r1,Hybrid MCTS + heuristic evaluation run 1,Hybrid MCTS + heuristic evaluation,1,5,6.993,20,20,0,sprint-advance
hybrid-heuristic-r1,Hybrid MCTS + heuristic evaluation run 1,Hybrid MCTS + heuristic evaluation,1,6,6.467,20,20,0,sprint-advance
hybrid-heuristic-r1,Hybrid MCTS + heuristic evaluation run 1,Hybrid MCTS + heuristic evaluation,1,7,5.954,20,20,0,sprint-advance
hybrid-heuristic-r1,Hybrid MCTS + heuristic evaluation run 1,Hybrid MCTS + heuristic evaluation,1,8,5.479,20,20,0,close-attack
hybrid-heuristic-r1,Hybrid MCTS + heuristic evaluation run 1,Hybrid MCTS + heuristic evaluation,1,9,4.993,20,20,0,close-attack
hybrid-heuristic-r1,Hybrid MCTS + heuristic evaluation run 1,Hybrid MCTS + heuristic evaluation,1,10,4.503,20,20,0,advance
hybrid-heuristic-r1,Hybrid MCTS + heuristic evaluation run 1,Hybrid MCTS + heuristic evaluation,1,11,4.039,20,20,0,close-attack
hybrid-heuristic-r1,Hybrid MCTS + heuristic evaluation run 1,Hybrid MCTS + heuristic evaluation,1,12,3.561,20,20,0,advance
hybrid-heuristic-r1,Hybrid MCTS + heuristic evaluation run 1,Hybrid MCTS + heuristic evaluation,1,13,3.103,20,20,0,jump-advance
hybrid-heuristic-r1,Hybrid MCTS + heuristic evaluation run 1,Hybrid MCTS + heuristic evaluation,1,14,2.756,20,20,1,hold-attack
hybrid-heuristic-r1,Hybrid MCTS + heuristic evaluation run 1,Hybrid MCTS + heuristic evaluation,1,15,2.34,16,16,1,sprint-advance
hybrid-heuristic-r1,Hybrid MCTS + heuristic evaluation run 1,Hybrid MCTS + heuristic evaluation,1,16,1.888,16,16,0,sprint-advance
hybrid-heuristic-r1,Hybrid MCTS + heuristic evaluation run 1,Hybrid MCTS + heuristic evaluation,1,17,1.387,16,16,0,sprint-advance
hybrid-heuristic-r1,Hybrid MCTS + heuristic evaluation run 1,Hybrid MCTS + heuristic evaluation,1,18,0.858,16,16,0,sprint-advance
hybrid-heuristic-r1,Hybrid MCTS + heuristic evaluation run 1,Hybrid MCTS + heuristic evaluation,1,19,0.315,16,16,0,sprint-advance
hybrid-heuristic-r1,Hybrid MCTS + heuristic evaluation run 1,Hybrid MCTS + heuristic evaluation,1,20,0.237,16,16,0,sprint-advance
hybrid-heuristic-r1,Hybrid MCTS + heuristic evaluation run 1,Hybrid MCTS + heuristic evaluation,1,21,0.283,16,16,0,sprint-advance
hybrid-heuristic-r1,Hybrid MCTS + heuristic evaluation run 1,Hybrid MCTS + heuristic evaluation,1,22,0.083,16,16,0,advance
hybrid-heuristic-r1,Hybrid MCTS + heuristic evaluation run 1,Hybrid MCTS + heuristic evaluation,1,23,0.026,16,16,0,sprint-advance
hybrid-heuristic-r1,Hybrid MCTS + heuristic evaluation run 1,Hybrid MCTS + heuristic evaluation,1,24,0.169,16,16,0,sprint-advance
hybrid-heuristic-r1,Hybrid MCTS + heuristic evaluation run 1,Hybrid MCTS + heuristic evaluation,1,25,0.148,16,16,1,close-attack
hybrid-heuristic-r1,Hybrid MCTS + heuristic evaluation run 1,Hybrid MCTS + heuristic evaluation,1,26,0.009,12,12,1,sprint-advance
hybrid-heuristic-r1,Hybrid MCTS + heuristic evaluation run 1,Hybrid MCTS + heuristic evaluation,1,27,0.066,12,12,0,sprint-advance
hybrid-heuristic-r1,Hybrid MCTS + heuristic evaluation run 1,Hybrid MCTS + heuristic evaluation,1,28,0.147,12,12,0,sprint-advance
hybrid-heuristic-r1,Hybrid MCTS + heuristic evaluation run 1,Hybrid MCTS + heuristic evaluation,1,29,0.009,12,12,0,sprint-advance
hybrid-heuristic-r1,Hybrid MCTS + heuristic evaluation run 1,Hybrid MCTS + heuristic evaluation,1,30,0.096,12,12,0,advance
hybrid-heuristic-r1,Hybrid MCTS + heuristic evaluation run 1,Hybrid MCTS + heuristic evaluation,1,31,0.102,12,12,0,sprint-advance
hybrid-heuristic-r1,Hybrid MCTS + heuristic evaluation run 1,Hybrid MCTS + heuristic evaluation,1,32,0.016,12,12,0,sprint-advance
hybrid-heuristic-r1,Hybrid MCTS + heuristic evaluation run 1,Hybrid MCTS + heuristic evaluation,1,33,0.08,12,12,0,sprint-advance
hybrid-heuristic-r1,Hybrid MCTS + heuristic evaluation run 1,Hybrid MCTS + heuristic evaluation,1,34,0.115,12,12,0,sprint-advance
hybrid-heuristic-r1,Hybrid MCTS + heuristic evaluation run 1,Hybrid MCTS + heuristic evaluation,1,35,0.134,12,12,0,sprint-advance
hybrid-heuristic-r1,Hybrid MCTS + heuristic evaluation run 1,Hybrid MCTS + heuristic evaluation,1,36,0.017,12,12,1,close-attack
hybrid-heuristic-r1,Hybrid MCTS + heuristic evaluation run 1,Hybrid MCTS + heuristic evaluation,1,37,0.052,8,8,1,advance
hybrid-heuristic-r1,Hybrid MCTS + heuristic evaluation run 1,Hybrid MCTS + heuristic evaluation,1,38,0.07,8,8,0,sprint-advance
hybrid-heuristic-r1,Hybrid MCTS + heuristic evaluation run 1,Hybrid MCTS + heuristic evaluation,1,39,0.08,8,8,0,sprint-advance
hybrid-heuristic-r1,Hybrid MCTS + heuristic evaluation run 1,Hybrid MCTS + heuristic evaluation,1,40,0.115,8,8,0,sprint-advance
hybrid-heuristic-r1,Hybrid MCTS + heuristic evaluation run 1,Hybrid MCTS + heuristic evaluation,1,41,0.134,8,8,0,sprint-advance
hybrid-heuristic-r1,Hybrid MCTS + heuristic evaluation run 1,Hybrid MCTS + heuristic evaluation,1,42,0.145,8,8,0,sprint-advance
hybrid-heuristic-r1,Hybrid MCTS + heuristic evaluation run 1,Hybrid MCTS + heuristic evaluation,1,43,0.121,8,8,0,advance
hybrid-heuristic-r1,Hybrid MCTS + heuristic evaluation run 1,Hybrid MCTS + heuristic evaluation,1,44,0.108,8,8,0,advance
hybrid-heuristic-r1,Hybrid MCTS + heuristic evaluation run 1,Hybrid MCTS + heuristic evaluation,1,45,0.131,8,8,0,sprint-advance
hybrid-heuristic-r1,Hybrid MCTS + heuristic evaluation run 1,Hybrid MCTS + heuristic evaluation,1,46,0.143,8,8,0,sprint-advance
hybrid-heuristic-r1,Hybrid MCTS + heuristic evaluation run 1,Hybrid MCTS + heuristic evaluation,1,47,0.022,8,8,1,close-attack
hybrid-heuristic-r1,Hybrid MCTS + heuristic evaluation run 1,Hybrid MCTS + heuristic evaluation,1,48,0.054,4,4,1,advance
hybrid-heuristic-r1,Hybrid MCTS + heuristic evaluation run 1,Hybrid MCTS + heuristic evaluation,1,49,0.072,4,4,0,sprint-advance
hybrid-heuristic-r1,Hybrid MCTS + heuristic evaluation run 1,Hybrid MCTS + heuristic evaluation,1,50,0.081,4,4,0,sprint-advance
hybrid-heuristic-r1,Hybrid MCTS + heuristic evaluation run 1,Hybrid MCTS + heuristic evaluation,1,51,0.116,4,4,0,sprint-advance
hybrid-heuristic-r1,Hybrid MCTS + heuristic evaluation run 1,Hybrid MCTS + heuristic evaluation,1,52,0.135,4,4,0,sprint-advance
hybrid-heuristic-r1,Hybrid MCTS + heuristic evaluation run 1,Hybrid MCTS + heuristic evaluation,1,53,0.145,4,4,0,sprint-advance
hybrid-heuristic-r1,Hybrid MCTS + heuristic evaluation run 1,Hybrid MCTS + heuristic evaluation,1,54,0.151,4,4,0,sprint-advance
hybrid-heuristic-r1,Hybrid MCTS + heuristic evaluation run 1,Hybrid MCTS + heuristic evaluation,1,55,0.183,4,4,0,sprint-advance
hybrid-heuristic-r1,Hybrid MCTS + heuristic evaluation run 1,Hybrid MCTS + heuristic evaluation,1,56,0.171,4,4,0,advance
hybrid-heuristic-r1,Hybrid MCTS + heuristic evaluation run 1,Hybrid MCTS + heuristic evaluation,1,57,0.165,4,4,0,sprint-advance
hybrid-heuristic-r1,Hybrid MCTS + heuristic evaluation run 1,Hybrid MCTS + heuristic evaluation,1,58,0.034,4,4,1,close-attack
hybrid-heuristic-r2,Hybrid MCTS + heuristic evaluation run 2,Hybrid MCTS + heuristic evaluation,2,1,8.237,20,20,0,sprint-advance
hybrid-heuristic-r2,Hybrid MCTS + heuristic evaluation run 2,Hybrid MCTS + heuristic evaluation,2,2,8.139,20,20,0,sprint-advance
hybrid-heuristic-r2,Hybrid MCTS + heuristic evaluation run 2,Hybrid MCTS + heuristic evaluation,2,3,7.796,20,20,0,sprint-advance
hybrid-heuristic-r2,Hybrid MCTS + heuristic evaluation run 2,Hybrid MCTS + heuristic evaluation,2,4,7.354,20,20,0,sprint-advance
hybrid-heuristic-r2,Hybrid MCTS + heuristic evaluation run 2,Hybrid MCTS + heuristic evaluation,2,5,6.857,20,20,0,sprint-advance
hybrid-heuristic-r2,Hybrid MCTS + heuristic evaluation run 2,Hybrid MCTS + heuristic evaluation,2,6,6.332,20,20,0,sprint-advance
hybrid-heuristic-r2,Hybrid MCTS + heuristic evaluation run 2,Hybrid MCTS + heuristic evaluation,2,7,5.79,20,20,0,sprint-advance
hybrid-heuristic-r2,Hybrid MCTS + heuristic evaluation run 2,Hybrid MCTS + heuristic evaluation,2,8,5.239,20,20,0,sprint-advance
hybrid-heuristic-r2,Hybrid MCTS + heuristic evaluation run 2,Hybrid MCTS + heuristic evaluation,2,9,4.684,20,20,0,sprint-advance
hybrid-heuristic-r2,Hybrid MCTS + heuristic evaluation run 2,Hybrid MCTS + heuristic evaluation,2,10,4.126,20,20,0,jump-sprint
hybrid-heuristic-r2,Hybrid MCTS + heuristic evaluation run 2,Hybrid MCTS + heuristic evaluation,2,11,3.595,20,20,0,advance
hybrid-heuristic-r2,Hybrid MCTS + heuristic evaluation run 2,Hybrid MCTS + heuristic evaluation,2,12,3.11,20,20,0,jump-advance
hybrid-heuristic-r2,Hybrid MCTS + heuristic evaluation run 2,Hybrid MCTS + heuristic evaluation,2,13,2.747,20,20,1,hold-attack
hybrid-heuristic-r2,Hybrid MCTS + heuristic evaluation run 2,Hybrid MCTS + heuristic evaluation,2,14,2.323,16,16,1,sprint-advance
hybrid-heuristic-r2,Hybrid MCTS + heuristic evaluation run 2,Hybrid MCTS + heuristic evaluation,2,15,1.867,16,16,0,sprint-advance
hybrid-heuristic-r2,Hybrid MCTS + heuristic evaluation run 2,Hybrid MCTS + heuristic evaluation,2,16,1.362,16,16,0,sprint-advance
hybrid-heuristic-r2,Hybrid MCTS + heuristic evaluation run 2,Hybrid MCTS + heuristic evaluation,2,17,0.832,16,16,0,sprint-advance
hybrid-heuristic-r2,Hybrid MCTS + heuristic evaluation run 2,Hybrid MCTS + heuristic evaluation,2,18,0.288,16,16,0,sprint-advance
hybrid-heuristic-r2,Hybrid MCTS + heuristic evaluation run 2,Hybrid MCTS + heuristic evaluation,2,19,0.264,16,16,0,sprint-advance
hybrid-heuristic-r2,Hybrid MCTS + heuristic evaluation run 2,Hybrid MCTS + heuristic evaluation,2,20,0.31,16,16,0,sprint-advance
hybrid-heuristic-r2,Hybrid MCTS + heuristic evaluation run 2,Hybrid MCTS + heuristic evaluation,2,21,0.081,16,16,0,sprint-advance
hybrid-heuristic-r2,Hybrid MCTS + heuristic evaluation run 2,Hybrid MCTS + heuristic evaluation,2,22,0.044,16,16,0,sprint-advance
hybrid-heuristic-r2,Hybrid MCTS + heuristic evaluation run 2,Hybrid MCTS + heuristic evaluation,2,23,0.142,16,16,0,sprint-advance
hybrid-heuristic-r2,Hybrid MCTS + heuristic evaluation run 2,Hybrid MCTS + heuristic evaluation,2,24,0.117,16,16,1,close-attack
hybrid-heuristic-r2,Hybrid MCTS + heuristic evaluation run 2,Hybrid MCTS + heuristic evaluation,2,25,0.025,12,12,1,sprint-advance
hybrid-heuristic-r2,Hybrid MCTS + heuristic evaluation run 2,Hybrid MCTS + heuristic evaluation,2,26,0.102,12,12,0,sprint-advance
hybrid-heuristic-r2,Hybrid MCTS + heuristic evaluation run 2,Hybrid MCTS + heuristic evaluation,2,27,0.144,12,12,0,sprint-advance
hybrid-heuristic-r2,Hybrid MCTS + heuristic evaluation run 2,Hybrid MCTS + heuristic evaluation,2,28,0.167,12,12,0,sprint-advance
hybrid-heuristic-r2,Hybrid MCTS + heuristic evaluation run 2,Hybrid MCTS + heuristic evaluation,2,29,0.15,12,12,0,jump-advance
hybrid-heuristic-r2,Hybrid MCTS + heuristic evaluation run 2,Hybrid MCTS + heuristic evaluation,2,30,0.141,12,12,0,sprint-advance
hybrid-heuristic-r2,Hybrid MCTS + heuristic evaluation run 2,Hybrid MCTS + heuristic evaluation,2,31,0.166,12,12,0,sprint-advance
hybrid-heuristic-r2,Hybrid MCTS + heuristic evaluation run 2,Hybrid MCTS + heuristic evaluation,2,32,0.179,12,12,0,sprint-advance
hybrid-heuristic-r2,Hybrid MCTS + heuristic evaluation run 2,Hybrid MCTS + heuristic evaluation,2,33,0.186,12,12,0,sprint-advance
hybrid-heuristic-r2,Hybrid MCTS + heuristic evaluation run 2,Hybrid MCTS + heuristic evaluation,2,34,0.19,12,12,0,sprint-advance
hybrid-heuristic-r2,Hybrid MCTS + heuristic evaluation run 2,Hybrid MCTS + heuristic evaluation,2,35,0.065,12,12,1,close-attack
hybrid-heuristic-r2,Hybrid MCTS + heuristic evaluation run 2,Hybrid MCTS + heuristic evaluation,2,36,0.124,8,8,1,sprint-advance
hybrid-heuristic-r2,Hybrid MCTS + heuristic evaluation run 2,Hybrid MCTS + heuristic evaluation,2,37,0.156,8,8,0,sprint-advance
hybrid-heuristic-r2,Hybrid MCTS + heuristic evaluation run 2,Hybrid MCTS + heuristic evaluation,2,38,0.174,8,8,0,sprint-advance
hybrid-heuristic-r2,Hybrid MCTS + heuristic evaluation run 2,Hybrid MCTS + heuristic evaluation,2,39,0.183,8,8,0,sprint-advance
hybrid-heuristic-r2,Hybrid MCTS + heuristic evaluation run 2,Hybrid MCTS + heuristic evaluation,2,40,0.159,8,8,0,advance
hybrid-heuristic-r2,Hybrid MCTS + heuristic evaluation run 2,Hybrid MCTS + heuristic evaluation,2,41,0.146,8,8,0,sprint-advance
hybrid-heuristic-r2,Hybrid MCTS + heuristic evaluation run 2,Hybrid MCTS + heuristic evaluation,2,42,0.139,8,8,0,sprint-advance
hybrid-heuristic-r2,Hybrid MCTS + heuristic evaluation run 2,Hybrid MCTS + heuristic evaluation,2,43,0.135,8,8,0,sprint-advance
hybrid-heuristic-r2,Hybrid MCTS + heuristic evaluation run 2,Hybrid MCTS + heuristic evaluation,2,44,0.133,8,8,0,sprint-advance
hybrid-heuristic-r2,Hybrid MCTS + heuristic evaluation run 2,Hybrid MCTS + heuristic evaluation,2,45,0.132,8,8,0,sprint-advance
hybrid-heuristic-r2,Hybrid MCTS + heuristic evaluation run 2,Hybrid MCTS + heuristic evaluation,2,46,0.004,8,8,1,close-attack
hybrid-heuristic-r2,Hybrid MCTS + heuristic evaluation run 2,Hybrid MCTS + heuristic evaluation,2,47,0.061,4,4,1,sprint-advance
hybrid-heuristic-r2,Hybrid MCTS + heuristic evaluation run 2,Hybrid MCTS + heuristic evaluation,2,48,0.092,4,4,0,sprint-advance
hybrid-heuristic-r2,Hybrid MCTS + heuristic evaluation run 2,Hybrid MCTS + heuristic evaluation,2,49,0.11,4,4,0,sprint-advance
hybrid-heuristic-r2,Hybrid MCTS + heuristic evaluation run 2,Hybrid MCTS + heuristic evaluation,2,50,0.119,4,4,0,sprint-advance
hybrid-heuristic-r2,Hybrid MCTS + heuristic evaluation run 2,Hybrid MCTS + heuristic evaluation,2,51,0.124,4,4,0,advance
hybrid-heuristic-r2,Hybrid MCTS + heuristic evaluation run 2,Hybrid MCTS + heuristic evaluation,2,52,0.156,4,4,0,sprint-advance
hybrid-heuristic-r2,Hybrid MCTS + heuristic evaluation run 2,Hybrid MCTS + heuristic evaluation,2,53,0.203,4,4,0,sprint-advance
hybrid-heuristic-r2,Hybrid MCTS + heuristic evaluation run 2,Hybrid MCTS + heuristic evaluation,2,54,0.229,4,4,0,sprint-advance
hybrid-heuristic-r2,Hybrid MCTS + heuristic evaluation run 2,Hybrid MCTS + heuristic evaluation,2,55,0.213,4,4,0,jump-advance
hybrid-heuristic-r2,Hybrid MCTS + heuristic evaluation run 2,Hybrid MCTS + heuristic evaluation,2,56,0.205,4,4,0,sprint-advance
hybrid-heuristic-r2,Hybrid MCTS + heuristic evaluation run 2,Hybrid MCTS + heuristic evaluation,2,57,0.073,4,4,1,close-attack
hybrid-heuristic-r3,Hybrid MCTS + heuristic evaluation run 3,Hybrid MCTS + heuristic evaluation,3,1,7.862,20,20,0,sprint-advance
hybrid-heuristic-r3,Hybrid MCTS + heuristic evaluation run 3,Hybrid MCTS + heuristic evaluation,3,2,7.765,20,20,0,sprint-advance
hybrid-heuristic-r3,Hybrid MCTS + heuristic evaluation run 3,Hybrid MCTS + heuristic evaluation,3,3,7.422,20,20,0,sprint-advance
hybrid-heuristic-r3,Hybrid MCTS + heuristic evaluation run 3,Hybrid MCTS + heuristic evaluation,3,4,6.979,20,20,0,sprint-advance
hybrid-heuristic-r3,Hybrid MCTS + heuristic evaluation run 3,Hybrid MCTS + heuristic evaluation,3,5,6.483,20,20,0,sprint-advance
hybrid-heuristic-r3,Hybrid MCTS + heuristic evaluation run 3,Hybrid MCTS + heuristic evaluation,3,6,5.957,20,20,0,sprint-advance
hybrid-heuristic-r3,Hybrid MCTS + heuristic evaluation run 3,Hybrid MCTS + heuristic evaluation,3,7,5.474,20,20,0,close-attack
hybrid-heuristic-r3,Hybrid MCTS + heuristic evaluation run 3,Hybrid MCTS + heuristic evaluation,3,8,4.985,20,20,0,close-attack
hybrid-heuristic-r3,Hybrid MCTS + heuristic evaluation run 3,Hybrid MCTS + heuristic evaluation,3,9,4.493,20,20,0,advance
hybrid-heuristic-r3,Hybrid MCTS + heuristic evaluation run 3,Hybrid MCTS + heuristic evaluation,3,10,4.028,20,20,0,close-attack
hybrid-heuristic-r3,Hybrid MCTS + heuristic evaluation run 3,Hybrid MCTS + heuristic evaluation,3,11,3.548,20,20,0,advance
hybrid-heuristic-r3,Hybrid MCTS + heuristic evaluation run 3,Hybrid MCTS + heuristic evaluation,3,12,3.091,20,20,0,jump-advance
hybrid-heuristic-r3,Hybrid MCTS + heuristic evaluation run 3,Hybrid MCTS + heuristic evaluation,3,13,2.743,20,20,1,hold-attack
hybrid-heuristic-r3,Hybrid MCTS + heuristic evaluation run 3,Hybrid MCTS + heuristic evaluation,3,14,2.328,16,16,1,sprint-advance
hybrid-heuristic-r3,Hybrid MCTS + heuristic evaluation run 3,Hybrid MCTS + heuristic evaluation,3,15,1.875,16,16,0,sprint-advance
hybrid-heuristic-r3,Hybrid MCTS + heuristic evaluation run 3,Hybrid MCTS + heuristic evaluation,3,16,1.374,16,16,0,sprint-advance
hybrid-heuristic-r3,Hybrid MCTS + heuristic evaluation run 3,Hybrid MCTS + heuristic evaluation,3,17,0.845,16,16,0,sprint-advance
hybrid-heuristic-r3,Hybrid MCTS + heuristic evaluation run 3,Hybrid MCTS + heuristic evaluation,3,18,0.301,16,16,0,sprint-advance
hybrid-heuristic-r3,Hybrid MCTS + heuristic evaluation run 3,Hybrid MCTS + heuristic evaluation,3,19,0.25,16,16,0,sprint-advance
hybrid-heuristic-r3,Hybrid MCTS + heuristic evaluation run 3,Hybrid MCTS + heuristic evaluation,3,20,0.296,16,16,0,sprint-advance
hybrid-heuristic-r3,Hybrid MCTS + heuristic evaluation run 3,Hybrid MCTS + heuristic evaluation,3,21,0.067,16,16,0,sprint-advance
hybrid-heuristic-r3,Hybrid MCTS + heuristic evaluation run 3,Hybrid MCTS + heuristic evaluation,3,22,0.058,16,16,0,sprint-advance
hybrid-heuristic-r3,Hybrid MCTS + heuristic evaluation run 3,Hybrid MCTS + heuristic evaluation,3,23,0.128,16,16,0,sprint-advance
hybrid-heuristic-r3,Hybrid MCTS + heuristic evaluation run 3,Hybrid MCTS + heuristic evaluation,3,24,0.102,16,16,1,close-attack
hybrid-heuristic-r3,Hybrid MCTS + heuristic evaluation run 3,Hybrid MCTS + heuristic evaluation,3,25,0.039,12,12,1,sprint-advance
hybrid-heuristic-r3,Hybrid MCTS + heuristic evaluation run 3,Hybrid MCTS + heuristic evaluation,3,26,0.116,12,12,0,sprint-advance
hybrid-heuristic-r3,Hybrid MCTS + heuristic evaluation run 3,Hybrid MCTS + heuristic evaluation,3,27,0.158,12,12,0,sprint-advance
hybrid-heuristic-r3,Hybrid MCTS + heuristic evaluation run 3,Hybrid MCTS + heuristic evaluation,3,28,0.181,12,12,0,sprint-advance
hybrid-heuristic-r3,Hybrid MCTS + heuristic evaluation run 3,Hybrid MCTS + heuristic evaluation,3,29,0.165,12,12,0,advance
hybrid-heuristic-r3,Hybrid MCTS + heuristic evaluation run 3,Hybrid MCTS + heuristic evaluation,3,30,0.155,12,12,0,sprint-advance
hybrid-heuristic-r3,Hybrid MCTS + heuristic evaluation run 3,Hybrid MCTS + heuristic evaluation,3,31,0.15,12,12,0,sprint-advance
hybrid-heuristic-r3,Hybrid MCTS + heuristic evaluation run 3,Hybrid MCTS + heuristic evaluation,3,32,0.148,12,12,0,sprint-advance
hybrid-heuristic-r3,Hybrid MCTS + heuristic evaluation run 3,Hybrid MCTS + heuristic evaluation,3,33,0.146,12,12,0,sprint-advance
hybrid-heuristic-r3,Hybrid MCTS + heuristic evaluation run 3,Hybrid MCTS + heuristic evaluation,3,34,0.116,12,12,0,advance
hybrid-heuristic-r3,Hybrid MCTS + heuristic evaluation run 3,Hybrid MCTS + heuristic evaluation,3,35,0.028,12,12,1,close-attack
hybrid-heuristic-r3,Hybrid MCTS + heuristic evaluation run 3,Hybrid MCTS + heuristic evaluation,3,36,0.021,8,8,1,sprint-advance
hybrid-heuristic-r3,Hybrid MCTS + heuristic evaluation run 3,Hybrid MCTS + heuristic evaluation,3,37,0.047,8,8,0,sprint-advance
hybrid-heuristic-r3,Hybrid MCTS + heuristic evaluation run 3,Hybrid MCTS + heuristic evaluation,3,38,0.062,8,8,0,sprint-advance
hybrid-heuristic-r3,Hybrid MCTS + heuristic evaluation run 3,Hybrid MCTS + heuristic evaluation,3,39,0.07,8,8,0,sprint-advance
hybrid-heuristic-r3,Hybrid MCTS + heuristic evaluation run 3,Hybrid MCTS + heuristic evaluation,3,40,0.045,8,8,0,advance
hybrid-heuristic-r3,Hybrid MCTS + heuristic evaluation run 3,Hybrid MCTS + heuristic evaluation,3,41,0.002,8,8,0,advance
hybrid-heuristic-r3,Hybrid MCTS + heuristic evaluation run 3,Hybrid MCTS + heuristic evaluation,3,42,0.051,8,8,0,advance
hybrid-heuristic-r3,Hybrid MCTS + heuristic evaluation run 3,Hybrid MCTS + heuristic evaluation,3,43,0.175,8,8,0,sprint-advance
hybrid-heuristic-r3,Hybrid MCTS + heuristic evaluation run 3,Hybrid MCTS + heuristic evaluation,3,44,0.073,8,8,0,sprint-advance
hybrid-heuristic-r3,Hybrid MCTS + heuristic evaluation run 3,Hybrid MCTS + heuristic evaluation,3,45,0.017,8,8,0,sprint-advance
hybrid-heuristic-r3,Hybrid MCTS + heuristic evaluation run 3,Hybrid MCTS + heuristic evaluation,3,46,0.141,8,8,1,close-attack
hybrid-heuristic-r3,Hybrid MCTS + heuristic evaluation run 3,Hybrid MCTS + heuristic evaluation,3,47,0.129,4,4,1,advance
hybrid-heuristic-r3,Hybrid MCTS + heuristic evaluation run 3,Hybrid MCTS + heuristic evaluation,3,48,0.132,4,4,0,sprint-advance
hybrid-heuristic-r3,Hybrid MCTS + heuristic evaluation run 3,Hybrid MCTS + heuristic evaluation,3,49,0.02,4,4,0,sprint-advance
hybrid-heuristic-r3,Hybrid MCTS + heuristic evaluation run 3,Hybrid MCTS + heuristic evaluation,3,50,0.041,4,4,0,sprint-advance
hybrid-heuristic-r3,Hybrid MCTS + heuristic evaluation run 3,Hybrid MCTS + heuristic evaluation,3,51,0.171,4,4,0,sprint-advance
hybrid-heuristic-r3,Hybrid MCTS + heuristic evaluation run 3,Hybrid MCTS + heuristic evaluation,3,52,0.036,4,4,0,sprint-advance
hybrid-heuristic-r3,Hybrid MCTS + heuristic evaluation run 3,Hybrid MCTS + heuristic evaluation,3,53,0.066,4,4,0,advance
hybrid-heuristic-r3,Hybrid MCTS + heuristic evaluation run 3,Hybrid MCTS + heuristic evaluation,3,54,0.105,4,4,0,sprint-advance
hybrid-heuristic-r3,Hybrid MCTS + heuristic evaluation run 3,Hybrid MCTS + heuristic evaluation,3,55,0.157,4,4,0,advance
hybrid-heuristic-r3,Hybrid MCTS + heuristic evaluation run 3,Hybrid MCTS + heuristic evaluation,3,56,0.185,4,4,0,sprint-advance
hybrid-heuristic-r3,Hybrid MCTS + heuristic evaluation run 3,Hybrid MCTS + heuristic evaluation,3,57,0.073,4,4,1,close-attack
risk-aware-r1,Risk-aware MCTS run 1,Risk-aware MCTS,1,1,7.452,20,20,0,sprint-advance
risk-aware-r1,Risk-aware MCTS run 1,Risk-aware MCTS,1,2,7.354,20,20,0,sprint-advance
risk-aware-r1,Risk-aware MCTS run 1,Risk-aware MCTS,1,3,7.011,20,20,0,sprint-advance
risk-aware-r1,Risk-aware MCTS run 1,Risk-aware MCTS,1,4,6.569,20,20,0,sprint-advance
risk-aware-r1,Risk-aware MCTS run 1,Risk-aware MCTS,1,5,6.073,20,20,0,sprint-advance
risk-aware-r1,Risk-aware MCTS run 1,Risk-aware MCTS,1,6,5.547,20,20,0,sprint-advance
risk-aware-r1,Risk-aware MCTS run 1,Risk-aware MCTS,1,7,5.034,20,20,0,close-attack
risk-aware-r1,Risk-aware MCTS run 1,Risk-aware MCTS,1,8,4.529,20,20,0,close-attack
risk-aware-r1,Risk-aware MCTS run 1,Risk-aware MCTS,1,9,4.028,20,20,0,close-attack
risk-aware-r1,Risk-aware MCTS run 1,Risk-aware MCTS,1,10,3.529,20,20,0,advance
risk-aware-r1,Risk-aware MCTS run 1,Risk-aware MCTS,1,11,3.031,20,20,0,close-attack
risk-aware-r1,Risk-aware MCTS run 1,Risk-aware MCTS,1,12,2.661,20,16,2,close-attack
risk-aware-r1,Risk-aware MCTS run 1,Risk-aware MCTS,1,13,2.234,16,16,0,sprint-advance
risk-aware-r1,Risk-aware MCTS run 1,Risk-aware MCTS,1,14,1.775,16,16,0,sprint-advance
risk-aware-r1,Risk-aware MCTS run 1,Risk-aware MCTS,1,15,1.27,16,16,0,sprint-advance
risk-aware-r1,Risk-aware MCTS run 1,Risk-aware MCTS,1,16,0.768,16,16,0,sprint-advance
risk-aware-r1,Risk-aware MCTS run 1,Risk-aware MCTS,1,17,0.269,16,16,0,sprint-advance
risk-aware-r1,Risk-aware MCTS run 1,Risk-aware MCTS,1,18,0.258,16,16,0,sprint-advance
risk-aware-r1,Risk-aware MCTS run 1,Risk-aware MCTS,1,19,0.291,16,16,0,sprint-advance
risk-aware-r1,Risk-aware MCTS run 1,Risk-aware MCTS,1,20,0.083,16,16,0,advance
risk-aware-r1,Risk-aware MCTS run 1,Risk-aware MCTS,1,21,0.06,16,16,0,advance
risk-aware-r1,Risk-aware MCTS run 1,Risk-aware MCTS,1,22,0.087,16,16,0,sprint-advance
risk-aware-r1,Risk-aware MCTS run 1,Risk-aware MCTS,1,23,0.168,16,12,2,close-attack
risk-aware-r1,Risk-aware MCTS run 1,Risk-aware MCTS,1,24,0.041,12,12,0,sprint-advance
risk-aware-r1,Risk-aware MCTS run 1,Risk-aware MCTS,1,25,0.155,12,12,0,sprint-advance
risk-aware-r1,Risk-aware MCTS run 1,Risk-aware MCTS,1,26,0.009,12,12,0,sprint-advance
risk-aware-r1,Risk-aware MCTS run 1,Risk-aware MCTS,1,27,0.096,12,12,0,sprint-advance
risk-aware-r1,Risk-aware MCTS run 1,Risk-aware MCTS,1,28,0.144,12,12,0,sprint-advance
risk-aware-r1,Risk-aware MCTS run 1,Risk-aware MCTS,1,29,0.17,12,12,0,sprint-advance
risk-aware-r1,Risk-aware MCTS run 1,Risk-aware MCTS,1,30,0.184,12,12,0,sprint-advance
risk-aware-r1,Risk-aware MCTS run 1,Risk-aware MCTS,1,31,0.192,12,12,0,sprint-advance
risk-aware-r1,Risk-aware MCTS run 1,Risk-aware MCTS,1,32,0.167,12,12,0,advance
risk-aware-r1,Risk-aware MCTS run 1,Risk-aware MCTS,1,33,0.153,12,12,0,sprint-advance
risk-aware-r1,Risk-aware MCTS run 1,Risk-aware MCTS,1,34,0.146,12,8,2,close-attack
risk-aware-r1,Risk-aware MCTS run 1,Risk-aware MCTS,1,35,0.142,8,8,0,sprint-advance
risk-aware-r1,Risk-aware MCTS run 1,Risk-aware MCTS,1,36,0.139,8,8,0,sprint-advance
risk-aware-r1,Risk-aware MCTS run 1,Risk-aware MCTS,1,37,0.138,8,8,0,sprint-advance
risk-aware-r1,Risk-aware MCTS run 1,Risk-aware MCTS,1,38,0.138,8,8,0,jump-sprint
risk-aware-r1,Risk-aware MCTS run 1,Risk-aware MCTS,1,39,0.137,8,8,0,sprint-advance
risk-aware-r1,Risk-aware MCTS run 1,Risk-aware MCTS,1,40,0.137,8,8,0,sprint-advance
risk-aware-r1,Risk-aware MCTS run 1,Risk-aware MCTS,1,41,0.137,8,8,0,sprint-advance
risk-aware-r1,Risk-aware MCTS run 1,Risk-aware MCTS,1,42,0.137,8,8,0,sprint-advance
risk-aware-r1,Risk-aware MCTS run 1,Risk-aware MCTS,1,43,0.137,8,8,0,advance
risk-aware-r1,Risk-aware MCTS run 1,Risk-aware MCTS,1,44,0.137,8,8,0,sprint-advance
risk-aware-r1,Risk-aware MCTS run 1,Risk-aware MCTS,1,45,0.137,8,4,2,close-attack
risk-aware-r1,Risk-aware MCTS run 1,Risk-aware MCTS,1,46,0.137,4,4,0,sprint-advance
risk-aware-r1,Risk-aware MCTS run 1,Risk-aware MCTS,1,47,0.137,4,4,0,sprint-advance
risk-aware-r1,Risk-aware MCTS run 1,Risk-aware MCTS,1,48,0.137,4,4,0,sprint-advance
risk-aware-r1,Risk-aware MCTS run 1,Risk-aware MCTS,1,49,0.137,4,4,0,jump-sprint
risk-aware-r1,Risk-aware MCTS run 1,Risk-aware MCTS,1,50,0.137,4,4,0,sprint-advance
risk-aware-r1,Risk-aware MCTS run 1,Risk-aware MCTS,1,51,0.137,4,4,0,sprint-advance
risk-aware-r1,Risk-aware MCTS run 1,Risk-aware MCTS,1,52,0.137,4,4,0,sprint-advance
risk-aware-r1,Risk-aware MCTS run 1,Risk-aware MCTS,1,53,0.137,4,4,0,sprint-advance
risk-aware-r1,Risk-aware MCTS run 1,Risk-aware MCTS,1,54,0.137,4,4,0,sprint-advance
risk-aware-r1,Risk-aware MCTS run 1,Risk-aware MCTS,1,55,0.166,4,4,0,sprint-advance
risk-aware-r1,Risk-aware MCTS run 1,Risk-aware MCTS,1,56,0.029,4,4,1,close-attack
risk-aware-r2,Risk-aware MCTS run 2,Risk-aware MCTS,2,1,6.985,20,20,0,sprint-advance
risk-aware-r2,Risk-aware MCTS run 2,Risk-aware MCTS,2,2,6.889,20,20,0,sprint-advance
risk-aware-r2,Risk-aware MCTS run 2,Risk-aware MCTS,2,3,6.547,20,20,0,sprint-advance
risk-aware-r2,Risk-aware MCTS run 2,Risk-aware MCTS,2,4,6.105,20,20,0,sprint-advance
risk-aware-r2,Risk-aware MCTS run 2,Risk-aware MCTS,2,5,5.609,20,20,0,sprint-advance
risk-aware-r2,Risk-aware MCTS run 2,Risk-aware MCTS,2,6,5.084,20,20,0,sprint-advance
risk-aware-r2,Risk-aware MCTS run 2,Risk-aware MCTS,2,7,4.571,20,20,0,close-attack
risk-aware-r2,Risk-aware MCTS run 2,Risk-aware MCTS,2,8,4.066,20,20,0,close-attack
risk-aware-r2,Risk-aware MCTS run 2,Risk-aware MCTS,2,9,3.565,20,20,0,advance
risk-aware-r2,Risk-aware MCTS run 2,Risk-aware MCTS,2,10,3.095,20,20,0,jump-advance
risk-aware-r2,Risk-aware MCTS run 2,Risk-aware MCTS,2,11,2.741,20,20,1,hold-attack
risk-aware-r2,Risk-aware MCTS run 2,Risk-aware MCTS,2,12,2.322,16,16,1,sprint-advance
risk-aware-r2,Risk-aware MCTS run 2,Risk-aware MCTS,2,13,1.868,16,16,0,sprint-advance
risk-aware-r2,Risk-aware MCTS run 2,Risk-aware MCTS,2,14,1.365,16,16,0,sprint-advance
risk-aware-r2,Risk-aware MCTS run 2,Risk-aware MCTS,2,15,0.836,16,16,0,sprint-advance
risk-aware-r2,Risk-aware MCTS run 2,Risk-aware MCTS,2,16,0.292,16,16,0,sprint-advance
risk-aware-r2,Risk-aware MCTS run 2,Risk-aware MCTS,2,17,0.26,16,16,0,sprint-advance
risk-aware-r2,Risk-aware MCTS run 2,Risk-aware MCTS,2,18,0.306,16,16,0,sprint-advance
risk-aware-r2,Risk-aware MCTS run 2,Risk-aware MCTS,2,19,0.076,16,16,0,sprint-advance
risk-aware-r2,Risk-aware MCTS run 2,Risk-aware MCTS,2,20,0.049,16,16,0,sprint-advance
risk-aware-r2,Risk-aware MCTS run 2,Risk-aware MCTS,2,21,0.137,16,16,0,sprint-advance
risk-aware-r2,Risk-aware MCTS run 2,Risk-aware MCTS,2,22,0.14,16,16,1,close-attack
risk-aware-r2,Risk-aware MCTS run 2,Risk-aware MCTS,2,23,0.015,12,12,1,sprint-advance
risk-aware-r2,Risk-aware MCTS run 2,Risk-aware MCTS,2,24,0.054,12,12,0,sprint-advance
risk-aware-r2,Risk-aware MCTS run 2,Risk-aware MCTS,2,25,0.152,12,12,0,sprint-advance
risk-aware-r2,Risk-aware MCTS run 2,Risk-aware MCTS,2,26,0.041,12,12,0,sprint-advance
risk-aware-r2,Risk-aware MCTS run 2,Risk-aware MCTS,2,27,0.029,12,12,0,jump-sprint
risk-aware-r2,Risk-aware MCTS run 2,Risk-aware MCTS,2,28,0.086,12,12,0,sprint-advance
risk-aware-r2,Risk-aware MCTS run 2,Risk-aware MCTS,2,29,0.126,12,12,0,sprint-advance
risk-aware-r2,Risk-aware MCTS run 2,Risk-aware MCTS,2,30,0.151,12,12,0,sprint-advance
risk-aware-r2,Risk-aware MCTS run 2,Risk-aware MCTS,2,31,0.164,12,12,0,sprint-advance
risk-aware-r2,Risk-aware MCTS run 2,Risk-aware MCTS,2,32,0.171,12,12,0,sprint-advance
risk-aware-r2,Risk-aware MCTS run 2,Risk-aware MCTS,2,33,0.048,12,12,1,close-attack
risk-aware-r2,Risk-aware MCTS run 2,Risk-aware MCTS,2,34,0.079,8,8,1,advance
risk-aware-r2,Risk-aware MCTS run 2,Risk-aware MCTS,2,35,0.095,8,8,0,sprint-advance
risk-aware-r2,Risk-aware MCTS run 2,Risk-aware MCTS,2,36,0.105,8,8,0,advance
risk-aware-r2,Risk-aware MCTS run 2,Risk-aware MCTS,2,37,0.109,8,8,0,sprint-advance
risk-aware-r2,Risk-aware MCTS run 2,Risk-aware MCTS,2,38,0.112,8,8,0,advance
risk-aware-r2,Risk-aware MCTS run 2,Risk-aware MCTS,2,39,0.114,8,8,0,sprint-advance
risk-aware-r2,Risk-aware MCTS run 2,Risk-aware MCTS,2,40,0.115,8,8,0,advance
risk-aware-r2,Risk-aware MCTS run 2,Risk-aware MCTS,2,41,0.115,8,8,0,advance
risk-aware-r2,Risk-aware MCTS run 2,Risk-aware MCTS,2,42,0.145,8,8,0,sprint-advance
risk-aware-r2,Risk-aware MCTS run 2,Risk-aware MCTS,2,43,0.161,8,8,0,sprint-advance
risk-aware-r2,Risk-aware MCTS run 2,Risk-aware MCTS,2,44,0.042,8,8,1,close-attack
risk-aware-r2,Risk-aware MCTS run 2,Risk-aware MCTS,2,45,0.075,4,4,1,advance
risk-aware-r2,Risk-aware MCTS run 2,Risk-aware MCTS,2,46,0.094,4,4,0,sprint-advance
risk-aware-r2,Risk-aware MCTS run 2,Risk-aware MCTS,2,47,0.104,4,4,0,advance
risk-aware-r2,Risk-aware MCTS run 2,Risk-aware MCTS,2,48,0.109,4,4,0,sprint-advance
risk-aware-r2,Risk-aware MCTS run 2,Risk-aware MCTS,2,49,0.112,4,4,0,advance
risk-aware-r2,Risk-aware MCTS run 2,Risk-aware MCTS,2,50,0.143,4,4,0,sprint-advance
risk-aware-r2,Risk-aware MCTS run 2,Risk-aware MCTS,2,51,0.16,4,4,0,sprint-advance
risk-aware-r2,Risk-aware MCTS run 2,Risk-aware MCTS,2,52,0.169,4,4,0,sprint-advance
risk-aware-r2,Risk-aware MCTS run 2,Risk-aware MCTS,2,53,0.174,4,4,0,sprint-advance
risk-aware-r2,Risk-aware MCTS run 2,Risk-aware MCTS,2,54,0.177,4,4,0,sprint-advance
risk-aware-r2,Risk-aware MCTS run 2,Risk-aware MCTS,2,55,0.051,4,4,1,close-attack
risk-aware-r3,Risk-aware MCTS run 3,Risk-aware MCTS,3,1,8.192,20,20,0,sprint-advance
risk-aware-r3,Risk-aware MCTS run 3,Risk-aware MCTS,3,2,8.094,20,20,0,sprint-advance
risk-aware-r3,Risk-aware MCTS run 3,Risk-aware MCTS,3,3,7.751,20,20,0,sprint-advance
risk-aware-r3,Risk-aware MCTS run 3,Risk-aware MCTS,3,4,7.309,20,20,0,sprint-advance
risk-aware-r3,Risk-aware MCTS run 3,Risk-aware MCTS,3,5,6.812,20,20,0,sprint-advance
risk-aware-r3,Risk-aware MCTS run 3,Risk-aware MCTS,3,6,6.286,20,20,0,sprint-advance
risk-aware-r3,Risk-aware MCTS run 3,Risk-aware MCTS,3,7,5.745,20,20,0,sprint-advance
risk-aware-r3,Risk-aware MCTS run 3,Risk-aware MCTS,3,8,5.194,20,20,0,sprint-advance
risk-aware-r3,Risk-aware MCTS run 3,Risk-aware MCTS,3,9,4.638,20,20,0,sprint-advance
risk-aware-r3,Risk-aware MCTS run 3,Risk-aware MCTS,3,10,4.11,20,20,0,advance
risk-aware-r3,Risk-aware MCTS run 3,Risk-aware MCTS,3,11,3.596,20,20,0,advance
risk-aware-r3,Risk-aware MCTS run 3,Risk-aware MCTS,3,12,3.119,20,20,0,jump-advance
risk-aware-r3,Risk-aware MCTS run 3,Risk-aware MCTS,3,13,2.761,20,20,1,hold-attack
risk-aware-r3,Risk-aware MCTS run 3,Risk-aware MCTS,3,14,2.34,16,16,1,sprint-advance
risk-aware-r3,Risk-aware MCTS run 3,Risk-aware MCTS,3,15,1.885,16,16,0,sprint-advance
risk-aware-r3,Risk-aware MCTS run 3,Risk-aware MCTS,3,16,1.381,16,16,0,sprint-advance
risk-aware-r3,Risk-aware MCTS run 3,Risk-aware MCTS,3,17,0.851,16,16,0,sprint-advance
risk-aware-r3,Risk-aware MCTS run 3,Risk-aware MCTS,3,18,0.308,16,16,0,sprint-advance
risk-aware-r3,Risk-aware MCTS run 3,Risk-aware MCTS,3,19,0.244,16,16,0,sprint-advance
risk-aware-r3,Risk-aware MCTS run 3,Risk-aware MCTS,3,20,0.291,16,16,0,sprint-advance
risk-aware-r3,Risk-aware MCTS run 3,Risk-aware MCTS,3,21,0.091,16,16,0,advance
risk-aware-r3,Risk-aware MCTS run 3,Risk-aware MCTS,3,22,0.018,16,16,0,sprint-advance
risk-aware-r3,Risk-aware MCTS run 3,Risk-aware MCTS,3,23,0.147,16,16,0,sprint-advance
risk-aware-r3,Risk-aware MCTS run 3,Risk-aware MCTS,3,24,0.14,16,16,1,close-attack
risk-aware-r3,Risk-aware MCTS run 3,Risk-aware MCTS,3,25,0.009,12,12,1,sprint-advance
risk-aware-r3,Risk-aware MCTS run 3,Risk-aware MCTS,3,26,0.063,12,12,0,sprint-advance
risk-aware-r3,Risk-aware MCTS run 3,Risk-aware MCTS,3,27,0.152,12,12,0,sprint-advance
risk-aware-r3,Risk-aware MCTS run 3,Risk-aware MCTS,3,28,0.044,12,12,0,sprint-advance
risk-aware-r3,Risk-aware MCTS run 3,Risk-aware MCTS,3,29,0.016,12,12,0,jump-sprint
risk-aware-r3,Risk-aware MCTS run 3,Risk-aware MCTS,3,30,0.095,12,12,0,sprint-advance
risk-aware-r3,Risk-aware MCTS run 3,Risk-aware MCTS,3,31,0.143,12,12,0,sprint-advance
risk-aware-r3,Risk-aware MCTS run 3,Risk-aware MCTS,3,32,0.169,12,12,0,sprint-advance
risk-aware-r3,Risk-aware MCTS run 3,Risk-aware MCTS,3,33,0.184,12,12,0,sprint-advance
risk-aware-r3,Risk-aware MCTS run 3,Risk-aware MCTS,3,34,0.192,12,12,0,sprint-advance
risk-aware-r3,Risk-aware MCTS run 3,Risk-aware MCTS,3,35,0.069,12,12,1,close-attack
risk-aware-r3,Risk-aware MCTS run 3,Risk-aware MCTS,3,36,0.129,8,8,1,sprint-advance
risk-aware-r3,Risk-aware MCTS run 3,Risk-aware MCTS,3,37,0.162,8,8,0,sprint-advance
risk-aware-r3,Risk-aware MCTS run 3,Risk-aware MCTS,3,38,0.18,8,8,0,sprint-advance
risk-aware-r3,Risk-aware MCTS run 3,Risk-aware MCTS,3,39,0.19,8,8,0,sprint-advance
risk-aware-r3,Risk-aware MCTS run 3,Risk-aware MCTS,3,40,0.165,8,8,0,advance
risk-aware-r3,Risk-aware MCTS run 3,Risk-aware MCTS,3,41,0.152,8,8,0,sprint-advance
risk-aware-r3,Risk-aware MCTS run 3,Risk-aware MCTS,3,42,0.145,8,8,0,sprint-advance
risk-aware-r3,Risk-aware MCTS run 3,Risk-aware MCTS,3,43,0.141,8,8,0,sprint-advance
risk-aware-r3,Risk-aware MCTS run 3,Risk-aware MCTS,3,44,0.139,8,8,0,sprint-advance
risk-aware-r3,Risk-aware MCTS run 3,Risk-aware MCTS,3,45,0.109,8,8,0,advance
risk-aware-r3,Risk-aware MCTS run 3,Risk-aware MCTS,3,46,0.036,8,8,1,close-attack
risk-aware-r3,Risk-aware MCTS run 3,Risk-aware MCTS,3,47,0.013,4,4,1,sprint-advance
risk-aware-r3,Risk-aware MCTS run 3,Risk-aware MCTS,3,48,0.04,4,4,0,sprint-advance
risk-aware-r3,Risk-aware MCTS run 3,Risk-aware MCTS,3,49,0.054,4,4,0,sprint-advance
risk-aware-r3,Risk-aware MCTS run 3,Risk-aware MCTS,3,50,0.062,4,4,0,sprint-advance
risk-aware-r3,Risk-aware MCTS run 3,Risk-aware MCTS,3,51,0.037,4,4,0,advance
risk-aware-r3,Risk-aware MCTS run 3,Risk-aware MCTS,3,52,0.006,4,4,0,advance
risk-aware-r3,Risk-aware MCTS run 3,Risk-aware MCTS,3,53,0.225,4,4,0,sprint-advance
risk-aware-r3,Risk-aware MCTS run 3,Risk-aware MCTS,3,54,0.097,4,4,0,sprint-advance
risk-aware-r3,Risk-aware MCTS run 3,Risk-aware MCTS,3,55,0.004,4,4,0,advance
risk-aware-r3,Risk-aware MCTS run 3,Risk-aware MCTS,3,56,0.091,4,4,0,sprint-advance
risk-aware-r3,Risk-aware MCTS run 3,Risk-aware MCTS,3,57,0.015,4,4,1,close-attack
exploratory-r1,High-exploration MCTS run 1,High-exploration MCTS,1,1,7.977,20,20,0,sprint-advance
exploratory-r1,High-exploration MCTS run 1,High-exploration MCTS,1,2,7.88,20,20,0,sprint-advance
exploratory-r1,High-exploration MCTS run 1,High-exploration MCTS,1,3,7.537,20,20,0,sprint-advance
exploratory-r1,High-exploration MCTS run 1,High-exploration MCTS,1,4,7.094,20,20,0,sprint-advance
exploratory-r1,High-exploration MCTS run 1,High-exploration MCTS,1,5,6.598,20,20,0,sprint-advance
exploratory-r1,High-exploration MCTS run 1,High-exploration MCTS,1,6,6.072,20,20,0,sprint-advance
exploratory-r1,High-exploration MCTS run 1,High-exploration MCTS,1,7,5.53,20,20,0,sprint-advance
exploratory-r1,High-exploration MCTS run 1,High-exploration MCTS,1,8,5.009,20,20,0,close-attack
exploratory-r1,High-exploration MCTS run 1,High-exploration MCTS,1,9,4.499,20,20,0,advance
exploratory-r1,High-exploration MCTS run 1,High-exploration MCTS,1,10,3.995,20,20,0,advance
exploratory-r1,High-exploration MCTS run 1,High-exploration MCTS,1,11,3.524,20,20,0,advance
exploratory-r1,High-exploration MCTS run 1,High-exploration MCTS,1,12,3.041,20,20,0,close-attack
exploratory-r1,High-exploration MCTS run 1,High-exploration MCTS,1,13,2.68,20,16,2,close-attack
exploratory-r1,High-exploration MCTS run 1,High-exploration MCTS,1,14,2.257,16,16,0,sprint-advance
exploratory-r1,High-exploration MCTS run 1,High-exploration MCTS,1,15,1.801,16,16,0,sprint-advance
exploratory-r1,High-exploration MCTS run 1,High-exploration MCTS,1,16,1.297,16,16,0,sprint-advance
exploratory-r1,High-exploration MCTS run 1,High-exploration MCTS,1,17,0.796,16,16,0,sprint-advance
exploratory-r1,High-exploration MCTS run 1,High-exploration MCTS,1,18,0.298,16,16,0,sprint-advance
exploratory-r1,High-exploration MCTS run 1,High-exploration MCTS,1,19,0.229,16,16,0,sprint-advance
exploratory-r1,High-exploration MCTS run 1,High-exploration MCTS,1,20,0.262,16,16,0,sprint-advance
exploratory-r1,High-exploration MCTS run 1,High-exploration MCTS,1,21,0.025,16,16,0,sprint-advance
exploratory-r1,High-exploration MCTS run 1,High-exploration MCTS,1,22,0.134,16,16,0,jump-advance
exploratory-r1,High-exploration MCTS run 1,High-exploration MCTS,1,23,0.006,16,16,0,sprint-advance
exploratory-r1,High-exploration MCTS run 1,High-exploration MCTS,1,24,0.081,16,12,2,close-attack
exploratory-r1,High-exploration MCTS run 1,High-exploration MCTS,1,25,0.124,12,12,0,sprint-advance
exploratory-r1,High-exploration MCTS run 1,High-exploration MCTS,1,26,0.148,12,12,0,sprint-advance
exploratory-r1,High-exploration MCTS run 1,High-exploration MCTS,1,27,0.161,12,12,0,sprint-advance
exploratory-r1,High-exploration MCTS run 1,High-exploration MCTS,1,28,0.139,12,12,0,jump-advance
exploratory-r1,High-exploration MCTS run 1,High-exploration MCTS,1,29,0.127,12,12,0,sprint-advance
exploratory-r1,High-exploration MCTS run 1,High-exploration MCTS,1,30,0.15,12,12,0,sprint-advance
exploratory-r1,High-exploration MCTS run 1,High-exploration MCTS,1,31,0.133,12,12,0,advance
exploratory-r1,High-exploration MCTS run 1,High-exploration MCTS,1,32,0.123,12,12,0,advance
exploratory-r1,High-exploration MCTS run 1,High-exploration MCTS,1,33,0.118,12,12,0,advance
exploratory-r1,High-exploration MCTS run 1,High-exploration MCTS,1,34,0.116,12,12,0,sprint-advance
exploratory-r1,High-exploration MCTS run 1,High-exploration MCTS,1,35,0.114,12,8,2,close-attack
exploratory-r1,High-exploration MCTS run 1,High-exploration MCTS,1,36,0.143,8,8,0,sprint-advance
exploratory-r1,High-exploration MCTS run 1,High-exploration MCTS,1,37,0.158,8,8,0,sprint-advance
exploratory-r1,High-exploration MCTS run 1,High-exploration MCTS,1,38,0.167,8,8,0,sprint-advance
exploratory-r1,High-exploration MCTS run 1,High-exploration MCTS,1,39,0.142,8,8,0,jump-advance
exploratory-r1,High-exploration MCTS run 1,High-exploration MCTS,1,40,0.129,8,8,0,sprint-advance
exploratory-r1,High-exploration MCTS run 1,High-exploration MCTS,1,41,0.151,8,8,0,sprint-advance
exploratory-r1,High-exploration MCTS run 1,High-exploration MCTS,1,42,0.133,8,8,0,advance
exploratory-r1,High-exploration MCTS run 1,High-exploration MCTS,1,43,0.124,8,8,0,advance
exploratory-r1,High-exploration MCTS run 1,High-exploration MCTS,1,44,0.119,8,8,0,advance
exploratory-r1,High-exploration MCTS run 1,High-exploration MCTS,1,45,0.116,8,8,0,sprint-advance
exploratory-r1,High-exploration MCTS run 1,High-exploration MCTS,1,46,0.114,8,4,2,close-attack
exploratory-r1,High-exploration MCTS run 1,High-exploration MCTS,1,47,0.143,4,4,0,sprint-advance
exploratory-r1,High-exploration MCTS run 1,High-exploration MCTS,1,48,0.158,4,4,0,sprint-advance
exploratory-r1,High-exploration MCTS run 1,High-exploration MCTS,1,49,0.167,4,4,0,sprint-advance
exploratory-r1,High-exploration MCTS run 1,High-exploration MCTS,1,50,0.142,4,4,0,jump-advance
exploratory-r1,High-exploration MCTS run 1,High-exploration MCTS,1,51,0.129,4,4,0,sprint-advance
exploratory-r1,High-exploration MCTS run 1,High-exploration MCTS,1,52,0.121,4,4,0,sprint-advance
exploratory-r1,High-exploration MCTS run 1,High-exploration MCTS,1,53,0.117,4,4,0,sprint-advance
exploratory-r1,High-exploration MCTS run 1,High-exploration MCTS,1,54,0.115,4,4,0,sprint-advance
exploratory-r1,High-exploration MCTS run 1,High-exploration MCTS,1,55,0.143,4,4,0,sprint-advance
exploratory-r1,High-exploration MCTS run 1,High-exploration MCTS,1,56,0.188,4,4,0,sprint-advance
exploratory-r1,High-exploration MCTS run 1,High-exploration MCTS,1,57,0.06,4,4,1,close-attack
exploratory-r2,High-exploration MCTS run 2,High-exploration MCTS,2,1,8.144,20,20,0,sprint-advance
exploratory-r2,High-exploration MCTS run 2,High-exploration MCTS,2,2,8.047,20,20,0,sprint-advance
exploratory-r2,High-exploration MCTS run 2,High-exploration MCTS,2,3,7.704,20,20,0,sprint-advance
exploratory-r2,High-exploration MCTS run 2,High-exploration MCTS,2,4,7.262,20,20,0,sprint-advance
exploratory-r2,High-exploration MCTS run 2,High-exploration MCTS,2,5,6.766,20,20,0,sprint-advance
exploratory-r2,High-exploration MCTS run 2,High-exploration MCTS,2,6,6.24,20,20,0,sprint-advance
exploratory-r2,High-exploration MCTS run 2,High-exploration MCTS,2,7,5.698,20,20,0,sprint-advance
exploratory-r2,High-exploration MCTS run 2,High-exploration MCTS,2,8,5.147,20,20,0,sprint-advance
exploratory-r2,High-exploration MCTS run 2,High-exploration MCTS,2,9,4.592,20,20,0,sprint-advance
exploratory-r2,High-exploration MCTS run 2,High-exploration MCTS,2,10,4.063,20,20,0,close-attack
exploratory-r2,High-exploration MCTS run 2,High-exploration MCTS,2,11,3.549,20,20,0,advance
exploratory-r2,High-exploration MCTS run 2,High-exploration MCTS,2,12,3.043,20,20,0,close-attack
exploratory-r2,High-exploration MCTS run 2,High-exploration MCTS,2,13,2.669,20,16,2,close-attack
exploratory-r2,High-exploration MCTS run 2,High-exploration MCTS,2,14,2.239,16,16,0,sprint-advance
exploratory-r2,High-exploration MCTS run 2,High-exploration MCTS,2,15,1.779,16,16,0,sprint-advance
exploratory-r2,High-exploration MCTS run 2,High-exploration MCTS,2,16,1.273,16,16,0,sprint-advance
exploratory-r2,High-exploration MCTS run 2,High-exploration MCTS,2,17,0.771,16,16,0,sprint-advance
exploratory-r2,High-exploration MCTS run 2,High-exploration MCTS,2,18,0.272,16,16,0,sprint-advance
exploratory-r2,High-exploration MCTS run 2,High-exploration MCTS,2,19,0.255,16,16,0,sprint-advance
exploratory-r2,High-exploration MCTS run 2,High-exploration MCTS,2,20,0.288,16,16,0,sprint-advance
exploratory-r2,High-exploration MCTS run 2,High-exploration MCTS,2,21,0.081,16,16,0,advance
exploratory-r2,High-exploration MCTS run 2,High-exploration MCTS,2,22,0.062,16,16,0,advance
exploratory-r2,High-exploration MCTS run 2,High-exploration MCTS,2,23,0.086,16,16,0,sprint-advance
exploratory-r2,High-exploration MCTS run 2,High-exploration MCTS,2,24,0.166,16,12,2,close-attack
exploratory-r2,High-exploration MCTS run 2,High-exploration MCTS,2,25,0.042,12,12,0,sprint-advance
exploratory-r2,High-exploration MCTS run 2,High-exploration MCTS,2,26,0.155,12,12,0,sprint-advance
exploratory-r2,High-exploration MCTS run 2,High-exploration MCTS,2,27,0.205,12,12,0,sprint-advance
exploratory-r2,High-exploration MCTS run 2,High-exploration MCTS,2,28,0.163,12,12,0,sprint-advance
exploratory-r2,High-exploration MCTS run 2,High-exploration MCTS,2,29,0.132,12,12,0,sprint-advance
exploratory-r2,High-exploration MCTS run 2,High-exploration MCTS,2,30,0.117,12,12,0,sprint-advance
exploratory-r2,High-exploration MCTS run 2,High-exploration MCTS,2,31,0.11,12,12,0,sprint-advance
exploratory-r2,High-exploration MCTS run 2,High-exploration MCTS,2,32,0.136,12,12,0,sprint-advance
exploratory-r2,High-exploration MCTS run 2,High-exploration MCTS,2,33,0.12,12,12,0,advance
exploratory-r2,High-exploration MCTS run 2,High-exploration MCTS,2,34,0.112,12,12,0,sprint-advance
exploratory-r2,High-exploration MCTS run 2,High-exploration MCTS,2,35,0.107,12,8,2,close-attack
exploratory-r2,High-exploration MCTS run 2,High-exploration MCTS,2,36,0.134,8,8,0,sprint-advance
exploratory-r2,High-exploration MCTS run 2,High-exploration MCTS,2,37,0.119,8,8,0,advance
exploratory-r2,High-exploration MCTS run 2,High-exploration MCTS,2,38,0.111,8,8,0,advance
exploratory-r2,High-exploration MCTS run 2,High-exploration MCTS,2,39,0.136,8,8,0,sprint-advance
exploratory-r2,High-exploration MCTS run 2,High-exploration MCTS,2,40,0.121,8,8,0,advance
exploratory-r2,High-exploration MCTS run 2,High-exploration MCTS,2,41,0.141,8,8,0,sprint-advance
exploratory-r2,High-exploration MCTS run 2,High-exploration MCTS,2,42,0.123,8,8,0,advance
exploratory-r2,High-exploration MCTS run 2,High-exploration MCTS,2,43,0.114,8,8,0,advance
exploratory-r2,High-exploration MCTS run 2,High-exploration MCTS,2,44,0.108,8,8,0,advance
exploratory-r2,High-exploration MCTS run 2,High-exploration MCTS,2,45,0.105,8,8,0,sprint-advance
exploratory-r2,High-exploration MCTS run 2,High-exploration MCTS,2,46,0.104,8,4,2,close-attack
exploratory-r2,High-exploration MCTS run 2,High-exploration MCTS,2,47,0.132,4,4,0,sprint-advance
exploratory-r2,High-exploration MCTS run 2,High-exploration MCTS,2,48,0.118,4,4,0,advance
exploratory-r2,High-exploration MCTS run 2,High-exploration MCTS,2,49,0.111,4,4,0,advance
exploratory-r2,High-exploration MCTS run 2,High-exploration MCTS,2,50,0.136,4,4,0,sprint-advance
exploratory-r2,High-exploration MCTS run 2,High-exploration MCTS,2,51,0.12,4,4,0,advance
exploratory-r2,High-exploration MCTS run 2,High-exploration MCTS,2,52,0.112,4,4,0,sprint-advance
exploratory-r2,High-exploration MCTS run 2,High-exploration MCTS,2,53,0.107,4,4,0,sprint-advance
exploratory-r2,High-exploration MCTS run 2,High-exploration MCTS,2,54,0.105,4,4,0,sprint-advance
exploratory-r2,High-exploration MCTS run 2,High-exploration MCTS,2,55,0.133,4,4,0,sprint-advance
exploratory-r2,High-exploration MCTS run 2,High-exploration MCTS,2,56,0.177,4,4,0,sprint-advance
exploratory-r2,High-exploration MCTS run 2,High-exploration MCTS,2,57,0.05,4,4,1,close-attack
exploratory-r3,High-exploration MCTS run 3,High-exploration MCTS,3,1,9.146,20,20,0,sprint-advance
exploratory-r3,High-exploration MCTS run 3,High-exploration MCTS,3,2,9.049,20,20,0,sprint-advance
exploratory-r3,High-exploration MCTS run 3,High-exploration MCTS,3,3,8.707,20,20,0,sprint-advance
exploratory-r3,High-exploration MCTS run 3,High-exploration MCTS,3,4,8.265,20,20,0,sprint-advance
exploratory-r3,High-exploration MCTS run 3,High-exploration MCTS,3,5,7.769,20,20,0,sprint-advance
exploratory-r3,High-exploration MCTS run 3,High-exploration MCTS,3,6,7.244,20,20,0,sprint-advance
exploratory-r3,High-exploration MCTS run 3,High-exploration MCTS,3,7,6.702,20,20,0,sprint-advance
exploratory-r3,High-exploration MCTS run 3,High-exploration MCTS,3,8,6.151,20,20,0,sprint-advance
exploratory-r3,High-exploration MCTS run 3,High-exploration MCTS,3,9,5.596,20,20,0,sprint-advance
exploratory-r3,High-exploration MCTS run 3,High-exploration MCTS,3,10,5.038,20,20,0,sprint-advance
exploratory-r3,High-exploration MCTS run 3,High-exploration MCTS,3,11,4.508,20,20,0,advance
exploratory-r3,High-exploration MCTS run 3,High-exploration MCTS,3,12,3.993,20,20,0,advance
exploratory-r3,High-exploration MCTS run 3,High-exploration MCTS,3,13,3.516,20,20,0,advance
exploratory-r3,High-exploration MCTS run 3,High-exploration MCTS,3,14,3.03,20,20,0,close-attack
exploratory-r3,High-exploration MCTS run 3,High-exploration MCTS,3,15,2.666,20,16,2,close-attack
exploratory-r3,High-exploration MCTS run 3,High-exploration MCTS,3,16,2.243,16,16,0,sprint-advance
exploratory-r3,High-exploration MCTS run 3,High-exploration MCTS,3,17,1.786,16,16,0,sprint-advance
exploratory-r3,High-exploration MCTS run 3,High-exploration MCTS,3,18,1.282,16,16,0,sprint-advance
exploratory-r3,High-exploration MCTS run 3,High-exploration MCTS,3,19,0.781,16,16,0,sprint-advance
exploratory-r3,High-exploration MCTS run 3,High-exploration MCTS,3,20,0.282,16,16,0,sprint-advance
exploratory-r3,High-exploration MCTS run 3,High-exploration MCTS,3,21,0.245,16,16,0,sprint-advance
exploratory-r3,High-exploration MCTS run 3,High-exploration MCTS,3,22,0.278,16,16,0,sprint-advance
exploratory-r3,High-exploration MCTS run 3,High-exploration MCTS,3,23,0.07,16,16,0,advance
exploratory-r3,High-exploration MCTS run 3,High-exploration MCTS,3,24,0.072,16,16,0,advance
exploratory-r3,High-exploration MCTS run 3,High-exploration MCTS,3,25,0.104,16,16,0,sprint-advance
exploratory-r3,High-exploration MCTS run 3,High-exploration MCTS,3,26,0.201,16,12,2,close-attack
exploratory-r3,High-exploration MCTS run 3,High-exploration MCTS,3,27,0.057,12,12,0,advance
exploratory-r3,High-exploration MCTS run 3,High-exploration MCTS,3,28,0.021,12,12,0,sprint-advance
exploratory-r3,High-exploration MCTS run 3,High-exploration MCTS,3,29,0.065,12,12,0,sprint-advance
exploratory-r3,High-exploration MCTS run 3,High-exploration MCTS,3,30,0.118,12,12,0,sprint-advance
exploratory-r3,High-exploration MCTS run 3,High-exploration MCTS,3,31,0.147,12,12,0,sprint-advance
exploratory-r3,High-exploration MCTS run 3,High-exploration MCTS,3,32,0.163,12,12,0,sprint-advance
exploratory-r3,High-exploration MCTS run 3,High-exploration MCTS,3,33,0.172,12,12,0,sprint-advance
exploratory-r3,High-exploration MCTS run 3,High-exploration MCTS,3,34,0.176,12,12,0,sprint-advance
exploratory-r3,High-exploration MCTS run 3,High-exploration MCTS,3,35,0.15,12,12,0,advance
exploratory-r3,High-exploration MCTS run 3,High-exploration MCTS,3,36,0.135,12,12,0,sprint-advance
exploratory-r3,High-exploration MCTS run 3,High-exploration MCTS,3,37,0.127,12,8,2,close-attack
exploratory-r3,High-exploration MCTS run 3,High-exploration MCTS,3,38,0.152,8,8,0,sprint-advance
exploratory-r3,High-exploration MCTS run 3,High-exploration MCTS,3,39,0.166,8,8,0,sprint-advance
exploratory-r3,High-exploration MCTS run 3,High-exploration MCTS,3,40,0.173,8,8,0,sprint-advance
exploratory-r3,High-exploration MCTS run 3,High-exploration MCTS,3,41,0.177,8,8,0,sprint-advance
exploratory-r3,High-exploration MCTS run 3,High-exploration MCTS,3,42,0.179,8,8,0,sprint-advance
exploratory-r3,High-exploration MCTS run 3,High-exploration MCTS,3,43,0.181,8,8,0,sprint-advance
exploratory-r3,High-exploration MCTS run 3,High-exploration MCTS,3,44,0.181,8,8,0,sprint-advance
exploratory-r3,High-exploration MCTS run 3,High-exploration MCTS,3,45,0.152,8,8,0,advance
exploratory-r3,High-exploration MCTS run 3,High-exploration MCTS,3,46,0.136,8,8,0,sprint-advance
exploratory-r3,High-exploration MCTS run 3,High-exploration MCTS,3,47,0.128,8,8,0,sprint-advance
exploratory-r3,High-exploration MCTS run 3,High-exploration MCTS,3,48,0.123,8,4,2,close-attack
exploratory-r3,High-exploration MCTS run 3,High-exploration MCTS,3,49,0.15,4,4,0,sprint-advance
exploratory-r3,High-exploration MCTS run 3,High-exploration MCTS,3,50,0.164,4,4,0,sprint-advance
exploratory-r3,High-exploration MCTS run 3,High-exploration MCTS,3,51,0.172,4,4,0,sprint-advance
exploratory-r3,High-exploration MCTS run 3,High-exploration MCTS,3,52,0.177,4,4,0,sprint-advance
exploratory-r3,High-exploration MCTS run 3,High-exploration MCTS,3,53,0.179,4,4,0,sprint-advance
exploratory-r3,High-exploration MCTS run 3,High-exploration MCTS,3,54,0.18,4,4,0,sprint-advance
exploratory-r3,High-exploration MCTS run 3,High-exploration MCTS,3,55,0.181,4,4,0,sprint-advance
exploratory-r3,High-exploration MCTS run 3,High-exploration MCTS,3,56,0.182,4,4,0,sprint-advance
exploratory-r3,High-exploration MCTS run 3,High-exploration MCTS,3,57,0.182,4,4,0,sprint-advance
exploratory-r3,High-exploration MCTS run 3,High-exploration MCTS,3,58,0.211,4,4,0,sprint-advance
exploratory-r3,High-exploration MCTS run 3,High-exploration MCTS,3,59,0.074,4,4,1,close-attack
high-budget-r1,Higher-budget MCTS run 1,Higher-budget MCTS,1,1,6.784,20,20,0,sprint-advance
high-budget-r1,Higher-budget MCTS run 1,Higher-budget MCTS,1,2,6.687,20,20,0,sprint-advance
high-budget-r1,Higher-budget MCTS run 1,Higher-budget MCTS,1,3,6.344,20,20,0,sprint-advance
high-budget-r1,Higher-budget MCTS run 1,Higher-budget MCTS,1,4,5.931,20,20,0,sprint-advance
high-budget-r1,Higher-budget MCTS run 1,Higher-budget MCTS,1,5,5.48,20,20,0,sprint-advance
high-budget-r1,Higher-budget MCTS run 1,Higher-budget MCTS,1,6,4.979,20,20,0,sprint-advance
high-budget-r1,Higher-budget MCTS run 1,Higher-budget MCTS,1,7,4.481,20,20,0,advance
high-budget-r1,Higher-budget MCTS run 1,Higher-budget MCTS,1,8,3.983,20,20,0,advance
high-budget-r1,Higher-budget MCTS run 1,Higher-budget MCTS,1,9,3.486,20,20,0,close-attack
high-budget-r1,Higher-budget MCTS run 1,Higher-budget MCTS,1,10,2.989,20,20,0,close-attack
high-budget-r1,Higher-budget MCTS run 1,Higher-budget MCTS,1,11,2.619,20,16,2,close-attack
high-budget-r1,Higher-budget MCTS run 1,Higher-budget MCTS,1,12,2.192,16,16,0,sprint-advance
high-budget-r1,Higher-budget MCTS run 1,Higher-budget MCTS,1,13,1.734,16,16,0,sprint-advance
high-budget-r1,Higher-budget MCTS run 1,Higher-budget MCTS,1,14,1.229,16,16,0,sprint-advance
high-budget-r1,Higher-budget MCTS run 1,Higher-budget MCTS,1,15,0.698,16,16,0,sprint-advance
high-budget-r1,Higher-budget MCTS run 1,Higher-budget MCTS,1,16,0.183,16,16,0,sprint-advance
high-budget-r1,Higher-budget MCTS run 1,Higher-budget MCTS,1,17,0.098,16,16,0,sprint-advance
high-budget-r1,Higher-budget MCTS run 1,Higher-budget MCTS,1,18,0.003,16,16,0,sprint-advance
high-budget-r1,Higher-budget MCTS run 1,Higher-budget MCTS,1,19,0.088,16,16,0,sprint-advance
high-budget-r1,Higher-budget MCTS run 1,Higher-budget MCTS,1,20,0.104,16,16,0,jump-advance
high-budget-r1,Higher-budget MCTS run 1,Higher-budget MCTS,1,21,0.114,16,16,0,sprint-advance
high-budget-r1,Higher-budget MCTS run 1,Higher-budget MCTS,1,22,0.119,16,12,2,close-attack
high-budget-r1,Higher-budget MCTS run 1,Higher-budget MCTS,1,23,0.121,12,12,0,sprint-advance
high-budget-r1,Higher-budget MCTS run 1,Higher-budget MCTS,1,24,0.152,12,12,0,sprint-advance
high-budget-r1,Higher-budget MCTS run 1,Higher-budget MCTS,1,25,0.169,12,12,0,sprint-advance
high-budget-r1,Higher-budget MCTS run 1,Higher-budget MCTS,1,26,0.178,12,12,0,sprint-advance
high-budget-r1,Higher-budget MCTS run 1,Higher-budget MCTS,1,27,0.183,12,12,0,sprint-advance
high-budget-r1,Higher-budget MCTS run 1,Higher-budget MCTS,1,28,0.186,12,12,0,sprint-advance
high-budget-r1,Higher-budget MCTS run 1,Higher-budget MCTS,1,29,0.188,12,12,0,sprint-advance
high-budget-r1,Higher-budget MCTS run 1,Higher-budget MCTS,1,30,0.189,12,12,0,sprint-advance
high-budget-r1,Higher-budget MCTS run 1,Higher-budget MCTS,1,31,0.16,12,12,0,advance
high-budget-r1,Higher-budget MCTS run 1,Higher-budget MCTS,1,32,0.144,12,12,0,sprint-advance
high-budget-r1,Higher-budget MCTS run 1,Higher-budget MCTS,1,33,0.135,12,8,2,close-attack
high-budget-r1,Higher-budget MCTS run 1,Higher-budget MCTS,1,34,0.13,8,8,0,sprint-advance
high-budget-r1,Higher-budget MCTS run 1,Higher-budget MCTS,1,35,0.128,8,8,0,sprint-advance
high-budget-r1,Higher-budget MCTS run 1,Higher-budget MCTS,1,36,0.156,8,8,0,sprint-advance
high-budget-r1,Higher-budget MCTS run 1,Higher-budget MCTS,1,37,0.171,8,8,0,sprint-advance
high-budget-r1,Higher-budget MCTS run 1,Higher-budget MCTS,1,38,0.179,8,8,0,sprint-advance
high-budget-r1,Higher-budget MCTS run 1,Higher-budget MCTS,1,39,0.184,8,8,0,sprint-advance
high-budget-r1,Higher-budget MCTS run 1,Higher-budget MCTS,1,40,0.187,8,8,0,sprint-advance
high-budget-r1,Higher-budget MCTS run 1,Higher-budget MCTS,1,41,0.188,8,8,0,sprint-advance
high-budget-r1,Higher-budget MCTS run 1,Higher-budget MCTS,1,42,0.159,8,8,0,advance
high-budget-r1,Higher-budget MCTS run 1,Higher-budget MCTS,1,43,0.144,8,8,0,sprint-advance
high-budget-r1,Higher-budget MCTS run 1,Higher-budget MCTS,1,44,0.135,8,4,2,close-attack
high-budget-r1,Higher-budget MCTS run 1,Higher-budget MCTS,1,45,0.13,4,4,0,sprint-advance
high-budget-r1,Higher-budget MCTS run 1,Higher-budget MCTS,1,46,0.128,4,4,0,sprint-advance
high-budget-r1,Higher-budget MCTS run 1,Higher-budget MCTS,1,47,0.156,4,4,0,sprint-advance
high-budget-r1,Higher-budget MCTS run 1,Higher-budget MCTS,1,48,0.171,4,4,0,sprint-advance
high-budget-r1,Higher-budget MCTS run 1,Higher-budget MCTS,1,49,0.179,4,4,0,sprint-advance
high-budget-r1,Higher-budget MCTS run 1,Higher-budget MCTS,1,50,0.184,4,4,0,sprint-advance
high-budget-r1,Higher-budget MCTS run 1,Higher-budget MCTS,1,51,0.187,4,4,0,sprint-advance
high-budget-r1,Higher-budget MCTS run 1,Higher-budget MCTS,1,52,0.188,4,4,0,sprint-advance
high-budget-r1,Higher-budget MCTS run 1,Higher-budget MCTS,1,53,0.218,4,4,0,sprint-advance
high-budget-r1,Higher-budget MCTS run 1,Higher-budget MCTS,1,54,0.264,4,4,0,sprint-advance
high-budget-r1,Higher-budget MCTS run 1,Higher-budget MCTS,1,55,0.136,4,4,1,close-attack
high-budget-r2,Higher-budget MCTS run 2,Higher-budget MCTS,2,1,7.165,20,20,0,sprint-advance
high-budget-r2,Higher-budget MCTS run 2,Higher-budget MCTS,2,2,7.067,20,20,0,sprint-advance
high-budget-r2,Higher-budget MCTS run 2,Higher-budget MCTS,2,3,6.724,20,20,0,sprint-advance
high-budget-r2,Higher-budget MCTS run 2,Higher-budget MCTS,2,4,6.311,20,20,0,sprint-advance
high-budget-r2,Higher-budget MCTS run 2,Higher-budget MCTS,2,5,5.831,20,20,0,sprint-advance
high-budget-r2,Higher-budget MCTS run 2,Higher-budget MCTS,2,6,5.344,20,20,0,jump-advance
high-budget-r2,Higher-budget MCTS run 2,Higher-budget MCTS,2,7,4.823,20,20,0,sprint-advance
high-budget-r2,Higher-budget MCTS run 2,Higher-budget MCTS,2,8,4.343,20,20,0,advance
high-budget-r2,Higher-budget MCTS run 2,Higher-budget MCTS,2,9,3.885,20,20,0,advance
high-budget-r2,Higher-budget MCTS run 2,Higher-budget MCTS,2,10,3.41,20,20,0,close-attack
high-budget-r2,Higher-budget MCTS run 2,Higher-budget MCTS,2,11,2.925,20,20,0,close-attack
high-budget-r2,Higher-budget MCTS run 2,Higher-budget MCTS,2,12,2.661,20,16,2,close-attack
high-budget-r2,Higher-budget MCTS run 2,Higher-budget MCTS,2,13,2.291,16,16,0,sprint-advance
high-budget-r2,Higher-budget MCTS run 2,Higher-budget MCTS,2,14,1.864,16,16,0,sprint-advance
high-budget-r2,Higher-budget MCTS run 2,Higher-budget MCTS,2,15,1.376,16,16,0,sprint-advance
high-budget-r2,Higher-budget MCTS run 2,Higher-budget MCTS,2,16,0.855,16,16,0,sprint-advance
high-budget-r2,Higher-budget MCTS run 2,Higher-budget MCTS,2,17,0.316,16,16,0,sprint-advance
high-budget-r2,Higher-budget MCTS run 2,Higher-budget MCTS,2,18,0.233,16,16,0,sprint-advance
high-budget-r2,Higher-budget MCTS run 2,Higher-budget MCTS,2,19,0.278,16,16,0,sprint-advance
high-budget-r2,Higher-budget MCTS run 2,Higher-budget MCTS,2,20,0.078,16,16,0,advance
high-budget-r2,Higher-budget MCTS run 2,Higher-budget MCTS,2,21,0.061,16,16,0,advance
high-budget-r2,Higher-budget MCTS run 2,Higher-budget MCTS,2,22,0.088,16,16,0,sprint-advance
high-budget-r2,Higher-budget MCTS run 2,Higher-budget MCTS,2,23,0.173,16,12,2,close-attack
high-budget-r2,Higher-budget MCTS run 2,Higher-budget MCTS,2,24,0.036,12,12,0,sprint-advance
high-budget-r2,Higher-budget MCTS run 2,Higher-budget MCTS,2,25,0.149,12,12,0,sprint-advance
high-budget-r2,Higher-budget MCTS run 2,Higher-budget MCTS,2,26,0.016,12,12,0,sprint-advance
high-budget-r2,Higher-budget MCTS run 2,Higher-budget MCTS,2,27,0.076,12,12,0,sprint-advance
high-budget-r2,Higher-budget MCTS run 2,Higher-budget MCTS,2,28,0.081,12,12,0,advance
high-budget-r2,Higher-budget MCTS run 2,Higher-budget MCTS,2,29,0.084,12,12,0,sprint-advance
high-budget-r2,Higher-budget MCTS run 2,Higher-budget MCTS,2,30,0.085,12,12,0,sprint-advance
high-budget-r2,Higher-budget MCTS run 2,Higher-budget MCTS,2,31,0.115,12,12,0,sprint-advance
high-budget-r2,Higher-budget MCTS run 2,Higher-budget MCTS,2,32,0.132,12,12,0,sprint-advance
high-budget-r2,Higher-budget MCTS run 2,Higher-budget MCTS,2,33,0.141,12,12,0,sprint-advance
high-budget-r2,Higher-budget MCTS run 2,Higher-budget MCTS,2,34,0.146,12,8,2,close-attack
high-budget-r2,Higher-budget MCTS run 2,Higher-budget MCTS,2,35,0.148,8,8,0,sprint-advance
high-budget-r2,Higher-budget MCTS run 2,Higher-budget MCTS,2,36,0.15,8,8,0,sprint-advance
high-budget-r2,Higher-budget MCTS run 2,Higher-budget MCTS,2,37,0.151,8,8,0,sprint-advance
high-budget-r2,Higher-budget MCTS run 2,Higher-budget MCTS,2,38,0.151,8,8,0,sprint-advance
high-budget-r2,Higher-budget MCTS run 2,Higher-budget MCTS,2,39,0.122,8,8,0,advance
high-budget-r2,Higher-budget MCTS run 2,Higher-budget MCTS,2,40,0.135,8,8,0,sprint-advance
high-budget-r2,Higher-budget MCTS run 2,Higher-budget MCTS,2,41,0.143,8,8,0,sprint-advance
high-budget-r2,Higher-budget MCTS run 2,Higher-budget MCTS,2,42,0.176,8,8,0,sprint-advance
high-budget-r2,Higher-budget MCTS run 2,Higher-budget MCTS,2,43,0.165,8,8,0,advance
high-budget-r2,Higher-budget MCTS run 2,Higher-budget MCTS,2,44,0.159,8,8,0,sprint-advance
high-budget-r2,Higher-budget MCTS run 2,Higher-budget MCTS,2,45,0.156,8,4,2,close-attack
high-budget-r2,Higher-budget MCTS run 2,Higher-budget MCTS,2,46,0.154,4,4,0,sprint-advance
high-budget-r2,Higher-budget MCTS run 2,Higher-budget MCTS,2,47,0.153,4,4,0,sprint-advance
high-budget-r2,Higher-budget MCTS run 2,Higher-budget MCTS,2,48,0.152,4,4,0,sprint-advance
high-budget-r2,Higher-budget MCTS run 2,Higher-budget MCTS,2,49,0.152,4,4,0,sprint-advance
high-budget-r2,Higher-budget MCTS run 2,Higher-budget MCTS,2,50,0.122,4,4,0,advance
high-budget-r2,Higher-budget MCTS run 2,Higher-budget MCTS,2,51,0.106,4,4,0,sprint-advance
high-budget-r2,Higher-budget MCTS run 2,Higher-budget MCTS,2,52,0.097,4,4,0,sprint-advance
high-budget-r2,Higher-budget MCTS run 2,Higher-budget MCTS,2,53,0.093,4,4,0,sprint-advance
high-budget-r2,Higher-budget MCTS run 2,Higher-budget MCTS,2,54,0.09,4,4,0,sprint-advance
high-budget-r2,Higher-budget MCTS run 2,Higher-budget MCTS,2,55,0.089,4,4,0,sprint-advance
high-budget-r2,Higher-budget MCTS run 2,Higher-budget MCTS,2,56,0.065,4,4,1,close-attack
high-budget-r3,Higher-budget MCTS run 3,Higher-budget MCTS,3,1,7.772,20,20,0,sprint-advance
high-budget-r3,Higher-budget MCTS run 3,Higher-budget MCTS,3,2,7.675,20,20,0,sprint-advance
high-budget-r3,Higher-budget MCTS run 3,Higher-budget MCTS,3,3,7.332,20,20,0,sprint-advance
high-budget-r3,Higher-budget MCTS run 3,Higher-budget MCTS,3,4,6.89,20,20,0,sprint-advance
high-budget-r3,Higher-budget MCTS run 3,Higher-budget MCTS,3,5,6.423,20,20,0,sprint-advance
high-budget-r3,Higher-budget MCTS run 3,Higher-budget MCTS,3,6,5.914,20,20,0,sprint-advance
high-budget-r3,Higher-budget MCTS run 3,Higher-budget MCTS,3,7,5.411,20,20,0,jump-advance
high-budget-r3,Higher-budget MCTS run 3,Higher-budget MCTS,3,8,4.911,20,20,0,advance
high-budget-r3,Higher-budget MCTS run 3,Higher-budget MCTS,3,9,4.442,20,20,0,advance
high-budget-r3,Higher-budget MCTS run 3,Higher-budget MCTS,3,10,3.961,20,20,0,advance
high-budget-r3,Higher-budget MCTS run 3,Higher-budget MCTS,3,11,3.473,20,20,0,close-attack
high-budget-r3,Higher-budget MCTS run 3,Higher-budget MCTS,3,12,3.011,20,20,0,close-attack
high-budget-r3,Higher-budget MCTS run 3,Higher-budget MCTS,3,13,2.661,20,16,2,close-attack
high-budget-r3,Higher-budget MCTS run 3,Higher-budget MCTS,3,14,2.244,16,16,0,sprint-advance
high-budget-r3,Higher-budget MCTS run 3,Higher-budget MCTS,3,15,1.791,16,16,0,sprint-advance
high-budget-r3,Higher-budget MCTS run 3,Higher-budget MCTS,3,16,1.289,16,16,0,sprint-advance
high-budget-r3,Higher-budget MCTS run 3,Higher-budget MCTS,3,17,0.76,16,16,0,sprint-advance
high-budget-r3,Higher-budget MCTS run 3,Higher-budget MCTS,3,18,0.217,16,16,0,sprint-advance
high-budget-r3,Higher-budget MCTS run 3,Higher-budget MCTS,3,19,0.08,16,16,0,sprint-advance
high-budget-r3,Higher-budget MCTS run 3,Higher-budget MCTS,3,20,0.013,16,16,0,sprint-advance
high-budget-r3,Higher-budget MCTS run 3,Higher-budget MCTS,3,21,0.064,16,16,0,sprint-advance
high-budget-r3,Higher-budget MCTS run 3,Higher-budget MCTS,3,22,0.091,16,16,0,advance
high-budget-r3,Higher-budget MCTS run 3,Higher-budget MCTS,3,23,0.106,16,16,0,sprint-advance
high-budget-r3,Higher-budget MCTS run 3,Higher-budget MCTS,3,24,0.115,16,12,2,close-attack
high-budget-r3,Higher-budget MCTS run 3,Higher-budget MCTS,3,25,0.119,12,12,0,sprint-advance
high-budget-r3,Higher-budget MCTS run 3,Higher-budget MCTS,3,26,0.151,12,12,0,sprint-advance
high-budget-r3,Higher-budget MCTS run 3,Higher-budget MCTS,3,27,0.168,12,12,0,sprint-advance
high-budget-r3,Higher-budget MCTS run 3,Higher-budget MCTS,3,28,0.178,12,12,0,sprint-advance
high-budget-r3,Higher-budget MCTS run 3,Higher-budget MCTS,3,29,0.183,12,12,0,sprint-advance
high-budget-r3,Higher-budget MCTS run 3,Higher-budget MCTS,3,30,0.186,12,12,0,sprint-advance
high-budget-r3,Higher-budget MCTS run 3,Higher-budget MCTS,3,31,0.188,12,12,0,sprint-advance
high-budget-r3,Higher-budget MCTS run 3,Higher-budget MCTS,3,32,0.188,12,12,0,sprint-advance
high-budget-r3,Higher-budget MCTS run 3,Higher-budget MCTS,3,33,0.159,12,12,0,jump-advance
high-budget-r3,Higher-budget MCTS run 3,Higher-budget MCTS,3,34,0.144,12,12,0,sprint-advance
high-budget-r3,Higher-budget MCTS run 3,Higher-budget MCTS,3,35,0.135,12,8,2,close-attack
high-budget-r3,Higher-budget MCTS run 3,Higher-budget MCTS,3,36,0.13,8,8,0,sprint-advance
high-budget-r3,Higher-budget MCTS run 3,Higher-budget MCTS,3,37,0.128,8,8,0,sprint-advance
high-budget-r3,Higher-budget MCTS run 3,Higher-budget MCTS,3,38,0.156,8,8,0,sprint-advance
high-budget-r3,Higher-budget MCTS run 3,Higher-budget MCTS,3,39,0.171,8,8,0,sprint-advance
high-budget-r3,Higher-budget MCTS run 3,Higher-budget MCTS,3,40,0.179,8,8,0,sprint-advance
high-budget-r3,Higher-budget MCTS run 3,Higher-budget MCTS,3,41,0.184,8,8,0,sprint-advance
high-budget-r3,Higher-budget MCTS run 3,Higher-budget MCTS,3,42,0.186,8,8,0,sprint-advance
high-budget-r3,Higher-budget MCTS run 3,Higher-budget MCTS,3,43,0.188,8,8,0,sprint-advance
high-budget-r3,Higher-budget MCTS run 3,Higher-budget MCTS,3,44,0.159,8,8,0,advance
high-budget-r3,Higher-budget MCTS run 3,Higher-budget MCTS,3,45,0.143,8,8,0,sprint-advance
high-budget-r3,Higher-budget MCTS run 3,Higher-budget MCTS,3,46,0.135,8,4,2,close-attack
high-budget-r3,Higher-budget MCTS run 3,Higher-budget MCTS,3,47,0.13,4,4,0,sprint-advance
high-budget-r3,Higher-budget MCTS run 3,Higher-budget MCTS,3,48,0.128,4,4,0,sprint-advance
high-budget-r3,Higher-budget MCTS run 3,Higher-budget MCTS,3,49,0.156,4,4,0,sprint-advance
high-budget-r3,Higher-budget MCTS run 3,Higher-budget MCTS,3,50,0.171,4,4,0,sprint-advance
high-budget-r3,Higher-budget MCTS run 3,Higher-budget MCTS,3,51,0.179,4,4,0,sprint-advance
high-budget-r3,Higher-budget MCTS run 3,Higher-budget MCTS,3,52,0.184,4,4,0,sprint-advance
high-budget-r3,Higher-budget MCTS run 3,Higher-budget MCTS,3,53,0.186,4,4,0,sprint-advance
high-budget-r3,Higher-budget MCTS run 3,Higher-budget MCTS,3,54,0.188,4,4,0,sprint-advance
high-budget-r3,Higher-budget MCTS run 3,Higher-budget MCTS,3,55,0.218,4,4,0,sprint-advance
high-budget-r3,Higher-budget MCTS run 3,Higher-budget MCTS,3,56,0.264,4,4,0,sprint-advance
high-budget-r3,Higher-budget MCTS run 3,Higher-budget MCTS,3,57,0.136,4,4,1,close-attack
wide-arena-example,Wide arena example,Environment stress test,1,1,12.115,20,20,0,sprint-advance
wide-arena-example,Wide arena example,Environment stress test,1,2,12.017,20,20,0,sprint-advance
wide-arena-example,Wide arena example,Environment stress test,1,3,11.674,20,20,0,sprint-advance
wide-arena-example,Wide arena example,Environment stress test,1,4,11.232,20,20,0,sprint-advance
wide-arena-example,Wide arena example,Environment stress test,1,5,10.735,20,20,0,sprint-advance
wide-arena-example,Wide arena example,Environment stress test,1,6,10.21,20,20,0,sprint-advance
wide-arena-example,Wide arena example,Environment stress test,1,7,9.668,20,20,0,sprint-advance
wide-arena-example,Wide arena example,Environment stress test,1,8,9.117,20,20,0,sprint-advance
wide-arena-example,Wide arena example,Environment stress test,1,9,8.562,20,20,0,sprint-advance
wide-arena-example,Wide arena example,Environment stress test,1,10,8.003,20,20,0,sprint-advance
wide-arena-example,Wide arena example,Environment stress test,1,11,7.444,20,20,0,sprint-advance
wide-arena-example,Wide arena example,Environment stress test,1,12,6.884,20,20,0,sprint-advance
wide-arena-example,Wide arena example,Environment stress test,1,13,6.323,20,20,0,sprint-advance
wide-arena-example,Wide arena example,Environment stress test,1,14,5.762,20,20,0,sprint-advance
wide-arena-example,Wide arena example,Environment stress test,1,15,5.201,20,20,0,sprint-advance
wide-arena-example,Wide arena example,Environment stress test,1,16,4.64,20,20,0,sprint-advance
wide-arena-example,Wide arena example,Environment stress test,1,17,4.108,20,20,0,close-attack
wide-arena-example,Wide arena example,Environment stress test,1,18,3.592,20,20,0,close-attack
wide-arena-example,Wide arena example,Environment stress test,1,19,3.115,20,20,0,close-attack
wide-arena-example,Wide arena example,Environment stress test,1,20,2.756,20,20,1,hold-attack
wide-arena-example,Wide arena example,Environment stress test,1,21,2.335,17,15,1,sprint-advance
wide-arena-example,Wide arena example,Environment stress test,1,22,1.879,17,15,0,sprint-advance
wide-arena-example,Wide arena example,Environment stress test,1,23,1.376,17,15,0,sprint-advance
wide-arena-example,Wide arena example,Environment stress test,1,24,0.875,17,15,0,advance
wide-arena-example,Wide arena example,Environment stress test,1,25,0.347,17,15,0,sprint-advance
wide-arena-example,Wide arena example,Environment stress test,1,26,0.196,17,15,0,sprint-advance
wide-arena-example,Wide arena example,Environment stress test,1,27,0.237,17,15,0,sprint-advance
wide-arena-example,Wide arena example,Environment stress test,1,28,0.064,17,15,0,advance
wide-arena-example,Wide arena example,Environment stress test,1,29,0.031,17,15,0,sprint-advance
wide-arena-example,Wide arena example,Environment stress test,1,30,0.119,17,15,0,sprint-advance
wide-arena-example,Wide arena example,Environment stress test,1,31,0.06,17,15,1,close-attack
wide-arena-example,Wide arena example,Environment stress test,1,32,0.119,14,10,1,sprint-advance
wide-arena-example,Wide arena example,Environment stress test,1,33,0.155,14,10,0,sprint-advance
wide-arena-example,Wide arena example,Environment stress test,1,34,0.147,14,10,0,advance
wide-arena-example,Wide arena example,Environment stress test,1,35,0.113,14,10,0,advance
wide-arena-example,Wide arena example,Environment stress test,1,36,0.094,14,10,0,sprint-advance
wide-arena-example,Wide arena example,Environment stress test,1,37,0.084,14,10,0,sprint-advance
wide-arena-example,Wide arena example,Environment stress test,1,38,0.108,14,10,0,sprint-advance
wide-arena-example,Wide arena example,Environment stress test,1,39,0.121,14,10,0,advance
wide-arena-example,Wide arena example,Environment stress test,1,40,0.099,14,10,0,advance
wide-arena-example,Wide arena example,Environment stress test,1,41,0.057,14,10,0,advance
wide-arena-example,Wide arena example,Environment stress test,1,42,0.093,14,10,1,close-attack
wide-arena-example,Wide arena example,Environment stress test,1,43,0.077,11,5,1,advance
wide-arena-example,Wide arena example,Environment stress test,1,44,0.187,11,5,0,sprint-advance
wide-arena-example,Wide arena example,Environment stress test,1,45,0.076,11,5,0,sprint-advance
wide-arena-example,Wide arena example,Environment stress test,1,46,0.016,11,5,0,sprint-advance
wide-arena-example,Wide arena example,Environment stress test,1,47,0.046,11,5,0,advance
wide-arena-example,Wide arena example,Environment stress test,1,48,0.175,11,5,0,sprint-advance
wide-arena-example,Wide arena example,Environment stress test,1,49,0.07,11,5,0,sprint-advance
wide-arena-example,Wide arena example,Environment stress test,1,50,0.016,11,5,0,sprint-advance
wide-arena-example,Wide arena example,Environment stress test,1,51,0.014,11,5,0,sprint-advance
wide-arena-example,Wide arena example,Environment stress test,1,52,0.137,11,5,0,sprint-advance
wide-arena-example,Wide arena example,Environment stress test,1,53,0.088,11,5,1,close-attack
wide-arena-example,Wide arena example,Environment stress test,1,54,0.027,8,5,1,close-attack
low-health-example,Low-health example,Environment stress test,2,1,8.088,14,22,0,sprint-advance
low-health-example,Low-health example,Environment stress test,2,2,7.991,14,22,0,sprint-advance
low-health-example,Low-health example,Environment stress test,2,3,7.648,14,22,0,sprint-advance
low-health-example,Low-health example,Environment stress test,2,4,7.205,14,22,0,sprint-advance
low-health-example,Low-health example,Environment stress test,2,5,6.709,14,22,0,sprint-advance
low-health-example,Low-health example,Environment stress test,2,6,6.183,14,22,0,sprint-advance
low-health-example,Low-health example,Environment stress test,2,7,5.642,14,22,0,sprint-advance
low-health-example,Low-health example,Environment stress test,2,8,5.091,14,22,0,sprint-advance
low-health-example,Low-health example,Environment stress test,2,9,4.565,14,22,0,close-attack
low-health-example,Low-health example,Environment stress test,2,10,4.052,14,22,0,jump-advance
low-health-example,Low-health example,Environment stress test,2,11,3.547,14,22,0,jump-advance
low-health-example,Low-health example,Environment stress test,2,12,3.046,14,22,0,close-attack
low-health-example,Low-health example,Environment stress test,2,13,2.674,14,18,2,close-attack
low-health-example,Low-health example,Environment stress test,2,14,2.246,9,18,0,sprint-advance
low-health-example,Low-health example,Environment stress test,2,15,1.786,9,18,0,sprint-advance
low-health-example,Low-health example,Environment stress test,2,16,1.281,9,18,0,sprint-advance
low-health-example,Low-health example,Environment stress test,2,17,0.75,9,18,0,sprint-advance
low-health-example,Low-health example,Environment stress test,2,18,0.205,9,18,0,sprint-advance
low-health-example,Low-health example,Environment stress test,2,19,0.092,9,18,0,sprint-advance
low-health-example,Low-health example,Environment stress test,2,20,0.002,9,18,0,sprint-advance
low-health-example,Low-health example,Environment stress test,2,21,0.063,9,18,0,sprint-advance
low-health-example,Low-health example,Environment stress test,2,22,0.075,9,18,0,advance
low-health-example,Low-health example,Environment stress test,2,23,0.115,9,18,0,sprint-advance
low-health-example,Low-health example,Environment stress test,2,24,0.138,9,14,2,close-attack
low-health-example,Low-health example,Environment stress test,2,25,0.15,4,14,0,sprint-advance
low-health-example,Low-health example,Environment stress test,2,26,0.187,4,14,0,sprint-advance
low-health-example,Low-health example,Environment stress test,2,27,0.206,4,14,0,sprint-advance
low-health-example,Low-health example,Environment stress test,2,28,0.217,4,14,0,sprint-advance
low-health-example,Low-health example,Environment stress test,2,29,0.193,4,14,0,advance
low-health-example,Low-health example,Environment stress test,2,30,0.181,4,14,0,sprint-advance
low-health-example,Low-health example,Environment stress test,2,31,0.174,4,14,0,sprint-advance
low-health-example,Low-health example,Environment stress test,2,32,0.199,4,14,0,sprint-advance
low-health-example,Low-health example,Environment stress test,2,33,0.213,4,14,0,jump-sprint
low-health-example,Low-health example,Environment stress test,2,34,0.221,4,14,0,sprint-advance
low-health-example,Low-health example,Environment stress test,2,35,0.225,4,10,2,close-attack
